{
	"textures": {
		"0": "nyctocosm:items/nullpoint/nullpoint4"
	},
	"elements": [
		{
			"from": [
				6.243416471316455,
				14.900863862685355,
				8
			],
			"to": [
				9.756583528683546,
				20.421554952833638,
				8
			],
			"rotation": {
				"angle": 0,
				"axis": "y",
				"origin": [
					7.498118991804701,
					2.102898153705241,
					7.498118991804701
				]
			},
			"faces": {
				"north": {
					"uv": [
						0,
						0,
						1.75,
						2.75
					],
					"texture": "#0"
				},
				"east": {
					"uv": [
						0,
						0,
						0,
						2.75
					],
					"texture": "#0"
				},
				"south": {
					"uv": [
						1.75,
						0,
						3.5,
						2.75
					],
					"texture": "#0"
				},
				"west": {
					"uv": [
						0,
						0,
						0,
						2.75
					],
					"texture": "#0"
				},
				"up": {
					"uv": [
						1.75,
						0,
						0,
						0
					],
					"texture": "#0"
				},
				"down": {
					"uv": [
						1.75,
						0,
						0,
						0
					],
					"texture": "#0"
				}
			}
		},
		{
			"from": [
				6.653966717889629,
				-2.548419211554588,
				7.8745297479511756
			],
			"to": [
				7.0303774740361025,
				-1.2937166910663418,
				8.125470252048824
			],
			"rotation": {
				"angle": 0,
				"axis": "y",
				"origin": [
					6.904907221987278,
					-2.336837760368871,
					8
				]
			},
			"faces": {
				"north": {
					"uv": [
						3.25,
						4.5,
						3.4375,
						5.125
					],
					"texture": "#0"
				},
				"east": {
					"uv": [
						3.5,
						5,
						3.625,
						5.625
					],
					"texture": "#0"
				},
				"south": {
					"uv": [
						4,
						4.75,
						4.1875,
						5.375
					],
					"texture": "#0"
				},
				"west": {
					"uv": [
						3.75,
						5,
						3.875,
						5.625
					],
					"texture": "#0"
				},
				"up": {
					"uv": [
						5.4375,
						4.375,
						5.25,
						4.25
					],
					"texture": "#0"
				},
				"down": {
					"uv": [
						4.6875,
						5.25,
						4.5,
						5.375
					],
					"texture": "#0"
				}
			}
		},
		{
			"from": [
				9.266141546851959,
				-3.5784450471663583,
				7.8745297479511756
			],
			"to": [
				9.642552302998434,
				-2.8256235348734116,
				8.125470252048824
			],
			"rotation": {
				"angle": -45,
				"axis": "z",
				"origin": [
					9.391611798900785,
					-1.750976617009938,
					8
				]
			},
			"faces": {
				"north": {
					"uv": [
						5,
						2,
						5.1875,
						2.375
					],
					"texture": "#0"
				},
				"east": {
					"uv": [
						5.25,
						0,
						5.375,
						0.375
					],
					"texture": "#0"
				},
				"south": {
					"uv": [
						5,
						4,
						5.1875,
						4.375
					],
					"texture": "#0"
				},
				"west": {
					"uv": [
						5.25,
						0.5,
						5.375,
						0.875
					],
					"texture": "#0"
				},
				"up": {
					"uv": [
						5.4375,
						3.375,
						5.25,
						3.25
					],
					"texture": "#0"
				},
				"down": {
					"uv": [
						5.4375,
						4,
						5.25,
						4.125
					],
					"texture": "#0"
				}
			}
		},
		{
			"from": [
				7.797336588267599,
				-0.5402118484776199,
				7.8745297479511756
			],
			"to": [
				8.801098604658195,
				-0.16380109233114482,
				8.125470252048824
			],
			"rotation": {
				"angle": -22.5,
				"axis": "z",
				"origin": [
					8.424687848511722,
					-0.4147415964287955,
					8
				]
			},
			"faces": {
				"north": {
					"uv": [
						5,
						1.5,
						5.5,
						1.6875
					],
					"texture": "#0"
				},
				"east": {
					"uv": [
						5.25,
						3,
						5.375,
						3.1875
					],
					"texture": "#0"
				},
				"south": {
					"uv": [
						5,
						1.75,
						5.5,
						1.9375
					],
					"texture": "#0"
				},
				"west": {
					"uv": [
						3.25,
						5.25,
						3.375,
						5.4375
					],
					"texture": "#0"
				},
				"up": {
					"uv": [
						5,
						5.125,
						4.5,
						5
					],
					"texture": "#0"
				},
				"down": {
					"uv": [
						5.5,
						4.5,
						5,
						4.625
					],
					"texture": "#0"
				}
			}
		},
		{
			"from": [
				6.664039083661795,
				-2.9996565653998406,
				7.8745297479511756
			],
			"to": [
				8.42062261234534,
				-2.6232458092533673,
				8.125470252048824
			],
			"rotation": {
				"angle": -22.5,
				"axis": "z",
				"origin": [
					7.7932713521012165,
					-2.7487160613021917,
					8
				]
			},
			"faces": {
				"north": {
					"uv": [
						4.5,
						3.5,
						5.375,
						3.6875
					],
					"texture": "#0"
				},
				"east": {
					"uv": [
						5.25,
						2.5,
						5.375,
						2.6875
					],
					"texture": "#0"
				},
				"south": {
					"uv": [
						4.5,
						3.75,
						5.375,
						3.9375
					],
					"texture": "#0"
				},
				"west": {
					"uv": [
						5.25,
						2.75,
						5.375,
						2.9375
					],
					"texture": "#0"
				},
				"up": {
					"uv": [
						5.875,
						1.125,
						5,
						1
					],
					"texture": "#0"
				},
				"down": {
					"uv": [
						5.875,
						1.25,
						5,
						1.375
					],
					"texture": "#0"
				}
			}
		},
		{
			"from": [
				7.378953137343437,
				-1.8019020968492008,
				7.8745297479511756
			],
			"to": [
				7.755363893489911,
				-0.045318568165656714,
				8.125470252048824
			],
			"rotation": {
				"angle": -45,
				"axis": "z",
				"origin": [
					7.629893641441087,
					-0.672669828409779,
					8
				]
			},
			"faces": {
				"north": {
					"uv": [
						4.5,
						2.5,
						4.6875,
						3.375
					],
					"texture": "#0"
				},
				"east": {
					"uv": [
						4.25,
						4.75,
						4.375,
						5.625
					],
					"texture": "#0"
				},
				"south": {
					"uv": [
						3,
						4.5,
						3.1875,
						5.375
					],
					"texture": "#0"
				},
				"west": {
					"uv": [
						5,
						0,
						5.125,
						0.875
					],
					"texture": "#0"
				},
				"up": {
					"uv": [
						5.4375,
						2.125,
						5.25,
						2
					],
					"texture": "#0"
				},
				"down": {
					"uv": [
						5.4375,
						2.25,
						5.25,
						2.375
					],
					"texture": "#0"
				}
			}
		},
		{
			"from": [
				7.623589243853526,
				3.859481682388786,
				7.623589243853526
			],
			"to": [
				8.376410756146473,
				6.368886723365279,
				8.376410756146473
			],
			"rotation": {
				"angle": 0,
				"axis": "y",
				"origin": [
					7.498118991804701,
					2.102898153705241,
					7.498118991804701
				]
			},
			"faces": {
				"north": {
					"uv": [
						3.5,
						3.75,
						3.875,
						5
					],
					"texture": "#0"
				},
				"east": {
					"uv": [
						4,
						0,
						4.375,
						1.25
					],
					"texture": "#0"
				},
				"south": {
					"uv": [
						4,
						1.25,
						4.375,
						2.5
					],
					"texture": "#0"
				},
				"west": {
					"uv": [
						4,
						2.5,
						4.375,
						3.75
					],
					"texture": "#0"
				},
				"up": {
					"uv": [
						5.125,
						2.875,
						4.75,
						2.5
					],
					"texture": "#0"
				},
				"down": {
					"uv": [
						5.125,
						3,
						4.75,
						3.375
					],
					"texture": "#0"
				}
			}
		},
		{
			"from": [
				7.623589243853526,
				-0.15556638317360338,
				7.623589243853526
			],
			"to": [
				8.376410756146473,
				0.5972551291193442,
				8.376410756146473
			],
			"rotation": {
				"angle": 0,
				"axis": "y",
				"origin": [
					7.498118991804701,
					2.102898153705241,
					7.498118991804701
				]
			},
			"faces": {
				"north": {
					"uv": [
						5.5,
						0,
						5.875,
						0.375
					],
					"texture": "#0"
				},
				"east": {
					"uv": [
						5.5,
						0.5,
						5.875,
						0.875
					],
					"texture": "#0"
				},
				"south": {
					"uv": [
						6,
						1.5,
						6.375,
						1.875
					],
					"texture": "#0"
				},
				"west": {
					"uv": [
						6,
						2,
						6.375,
						2.375
					],
					"texture": "#0"
				},
				"up": {
					"uv": [
						6.375,
						2.875,
						6,
						2.5
					],
					"texture": "#0"
				},
				"down": {
					"uv": [
						6.375,
						3,
						6,
						3.375
					],
					"texture": "#0"
				}
			}
		},
		{
			"from": [
				7.749059495902351,
				-0.4065068872712523,
				7.749059495902351
			],
			"to": [
				8.250940504097649,
				14.900863862685355,
				8.250940504097649
			],
			"rotation": {
				"angle": 0,
				"axis": "y",
				"origin": [
					7.498118991804701,
					2.102898153705241,
					7.498118991804701
				]
			},
			"faces": {
				"north": {
					"uv": [
						2,
						2.75,
						2.25,
						10.375
					],
					"texture": "#0"
				},
				"east": {
					"uv": [
						2.25,
						2.75,
						2.5,
						10.375
					],
					"texture": "#0"
				},
				"south": {
					"uv": [
						2.5,
						2.75,
						2.75,
						10.375
					],
					"texture": "#0"
				},
				"west": {
					"uv": [
						2.75,
						2.75,
						3,
						10.375
					],
					"texture": "#0"
				},
				"up": {
					"uv": [
						5.25,
						5,
						5,
						4.75
					],
					"texture": "#0"
				},
				"down": {
					"uv": [
						5.25,
						5,
						5,
						5.25
					],
					"texture": "#0"
				}
			}
		},
		{
			"from": [
				6.699630168389121,
				14.131962855014459,
				7.8745297479511756
			],
			"to": [
				6.95057067248677,
				15.135724871405056,
				8.125470252048824
			],
			"rotation": {
				"angle": -45,
				"axis": "z",
				"origin": [
					6.825100420437946,
					13.88102235091681,
					7.749059495902351
				]
			},
			"faces": {
				"north": {
					"uv": [
						6.5,
						1.5,
						6.625,
						2
					],
					"texture": "#0"
				},
				"east": {
					"uv": [
						6.5,
						2,
						6.625,
						2.5
					],
					"texture": "#0"
				},
				"south": {
					"uv": [
						6.5,
						2.5,
						6.625,
						3
					],
					"texture": "#0"
				},
				"west": {
					"uv": [
						6.5,
						3,
						6.625,
						3.5
					],
					"texture": "#0"
				},
				"up": {
					"uv": [
						6.625,
						5.875,
						6.5,
						5.75
					],
					"texture": "#0"
				},
				"down": {
					"uv": [
						6.625,
						6,
						6.5,
						6.125
					],
					"texture": "#0"
				}
			}
		},
		{
			"from": [
				6.913825261440595,
				11.135899242883545,
				7.8745297479511756
			],
			"to": [
				7.164765765538244,
				14.147185292055337,
				8.125470252048824
			],
			"rotation": {
				"angle": 0,
				"axis": "y",
				"origin": [
					7.039295513489419,
					12.892482771567092,
					7.749059495902351
				]
			},
			"faces": {
				"north": {
					"uv": [
						5.75,
						3.75,
						5.875,
						5.25
					],
					"texture": "#0"
				},
				"east": {
					"uv": [
						4.25,
						5.75,
						4.375,
						7.25
					],
					"texture": "#0"
				},
				"south": {
					"uv": [
						5.75,
						5.25,
						5.875,
						6.75
					],
					"texture": "#0"
				},
				"west": {
					"uv": [
						6,
						0,
						6.125,
						1.5
					],
					"texture": "#0"
				},
				"up": {
					"uv": [
						6.625,
						5.375,
						6.5,
						5.25
					],
					"texture": "#0"
				},
				"down": {
					"uv": [
						6.625,
						5.5,
						6.5,
						5.625
					],
					"texture": "#0"
				}
			}
		},
		{
			"from": [
				5.634982264458154,
				9.455424038781246,
				7.8745297479511756
			],
			"to": [
				5.885922768555803,
				10.710126559269494,
				8.125470252048824
			],
			"rotation": {
				"angle": 45,
				"axis": "z",
				"origin": [
					5.760452516506978,
					12.46671008795304,
					7.749059495902351
				]
			},
			"faces": {
				"north": {
					"uv": [
						6.25,
						0,
						6.375,
						0.625
					],
					"texture": "#0"
				},
				"east": {
					"uv": [
						6.25,
						0.75,
						6.375,
						1.375
					],
					"texture": "#0"
				},
				"south": {
					"uv": [
						6.25,
						4.5,
						6.375,
						5.125
					],
					"texture": "#0"
				},
				"west": {
					"uv": [
						6.25,
						5.25,
						6.375,
						5.875
					],
					"texture": "#0"
				},
				"up": {
					"uv": [
						6.625,
						4.875,
						6.5,
						4.75
					],
					"texture": "#0"
				},
				"down": {
					"uv": [
						6.625,
						5,
						6.5,
						5.125
					],
					"texture": "#0"
				}
			}
		},
		{
			"from": [
				10.114077231444197,
				9.455424038781246,
				7.8745297479511756
			],
			"to": [
				10.365017735541846,
				10.710126559269494,
				8.125470252048824
			],
			"rotation": {
				"angle": -45,
				"axis": "z",
				"origin": [
					10.239547483493022,
					12.46671008795304,
					7.749059495902351
				]
			},
			"faces": {
				"north": {
					"uv": [
						5.5,
						3.75,
						5.625,
						4.375
					],
					"texture": "#0"
				},
				"east": {
					"uv": [
						6,
						4.5,
						6.125,
						5.125
					],
					"texture": "#0"
				},
				"south": {
					"uv": [
						6,
						5.25,
						6.125,
						5.875
					],
					"texture": "#0"
				},
				"west": {
					"uv": [
						6,
						6,
						6.125,
						6.625
					],
					"texture": "#0"
				},
				"up": {
					"uv": [
						6.625,
						4.375,
						6.5,
						4.25
					],
					"texture": "#0"
				},
				"down": {
					"uv": [
						6.625,
						4.5,
						6.5,
						4.625
					],
					"texture": "#0"
				}
			}
		},
		{
			"from": [
				8.835234234461756,
				11.135899242883545,
				7.8745297479511756
			],
			"to": [
				9.086174738559405,
				14.147185292055337,
				8.125470252048824
			],
			"rotation": {
				"angle": 0,
				"axis": "y",
				"origin": [
					8.960704486510581,
					12.892482771567092,
					7.749059495902351
				]
			},
			"faces": {
				"north": {
					"uv": [
						4,
						5.5,
						4.125,
						7
					],
					"texture": "#0"
				},
				"east": {
					"uv": [
						4.5,
						5.5,
						4.625,
						7
					],
					"texture": "#0"
				},
				"south": {
					"uv": [
						3.5,
						5.75,
						3.625,
						7.25
					],
					"texture": "#0"
				},
				"west": {
					"uv": [
						3.75,
						5.75,
						3.875,
						7.25
					],
					"texture": "#0"
				},
				"up": {
					"uv": [
						6.625,
						3.875,
						6.5,
						3.75
					],
					"texture": "#0"
				},
				"down": {
					"uv": [
						6.625,
						4,
						6.5,
						4.125
					],
					"texture": "#0"
				}
			}
		},
		{
			"from": [
				9.049429327513229,
				14.131962855014459,
				7.8745297479511756
			],
			"to": [
				9.30036983161088,
				15.135724871405056,
				8.125470252048824
			],
			"rotation": {
				"angle": 45,
				"axis": "z",
				"origin": [
					9.174899579562053,
					13.88102235091681,
					7.749059495902351
				]
			},
			"faces": {
				"north": {
					"uv": [
						6.25,
						6,
						6.375,
						6.5
					],
					"texture": "#0"
				},
				"east": {
					"uv": [
						6.5,
						0,
						6.625,
						0.5
					],
					"texture": "#0"
				},
				"south": {
					"uv": [
						6.5,
						0.5,
						6.625,
						1
					],
					"texture": "#0"
				},
				"west": {
					"uv": [
						6.5,
						1,
						6.625,
						1.5
					],
					"texture": "#0"
				},
				"up": {
					"uv": [
						5.625,
						4.625,
						5.5,
						4.5
					],
					"texture": "#0"
				},
				"down": {
					"uv": [
						6.625,
						3.5,
						6.5,
						3.625
					],
					"texture": "#0"
				}
			}
		},
		{
			"from": [
				7.623589243853526,
				10.383934788927668,
				7.623589243853526
			],
			"to": [
				8.376410756146473,
				14.900863862685355,
				8.376410756146473
			],
			"rotation": {
				"angle": 0,
				"axis": "y",
				"origin": [
					7.498118991804701,
					2.102898153705241,
					7.498118991804701
				]
			},
			"faces": {
				"north": {
					"uv": [
						4.75,
						5.25,
						5.125,
						7.5
					],
					"texture": "#0"
				},
				"east": {
					"uv": [
						5.25,
						4.75,
						5.625,
						7
					],
					"texture": "#0"
				},
				"south": {
					"uv": [
						5.5,
						1.5,
						5.875,
						3.75
					],
					"texture": "#0"
				},
				"west": {
					"uv": [
						3,
						5.5,
						3.375,
						7.75
					],
					"texture": "#0"
				},
				"up": {
					"uv": [
						6.375,
						3.875,
						6,
						3.5
					],
					"texture": "#0"
				},
				"down": {
					"uv": [
						6.375,
						4,
						6,
						4.375
					],
					"texture": "#0"
				}
			}
		},
		{
			"from": [
				7.498118991804701,
				-0.4065068872712523,
				7.498118991804701
			],
			"to": [
				8.501881008195298,
				14.900863862685355,
				7.498118991804701
			],
			"rotation": {
				"angle": 0,
				"axis": "y",
				"origin": [
					7.498118991804701,
					2.102898153705241,
					7.498118991804701
				]
			},
			"faces": {
				"north": {
					"uv": [
						0,
						2.75,
						0.5,
						10.375
					],
					"texture": "#0"
				},
				"east": {
					"uv": [
						0.5,
						2.75,
						1,
						10.375
					],
					"texture": "#0"
				},
				"south": {
					"uv": [
						1,
						2.75,
						1.5,
						10.375
					],
					"texture": "#0"
				},
				"west": {
					"uv": [
						1.5,
						2.75,
						2,
						10.375
					],
					"texture": "#0"
				},
				"up": {
					"uv": [
						5,
						2,
						4.5,
						1.5
					],
					"texture": "#0"
				},
				"down": {
					"uv": [
						5,
						2,
						4.5,
						2.5
					],
					"texture": "#0"
				}
			}
		},
		{
			"from": [
				8.501881008195298,
				-0.4065068872712523,
				7.498118991804701
			],
			"to": [
				8.501881008195298,
				14.900863862685355,
				8.501881008195298
			],
			"rotation": {
				"angle": 0,
				"axis": "y",
				"origin": [
					7.498118991804701,
					2.102898153705241,
					7.498118991804701
				]
			},
			"faces": {
				"north": {
					"uv": [
						0,
						0,
						0,
						7.625
					],
					"texture": "#0"
				},
				"east": {
					"uv": [
						3.5,
						7.25,
						4,
						14.875
					],
					"texture": "#0"
				},
				"south": {
					"uv": [
						0,
						0,
						0,
						7.625
					],
					"texture": "#0"
				},
				"west": {
					"uv": [
						4,
						7.25,
						4.5,
						14.875
					],
					"texture": "#0"
				},
				"up": {
					"uv": [
						0,
						0.5,
						0,
						0
					],
					"texture": "#0"
				},
				"down": {
					"uv": [
						0,
						0,
						0,
						0.5
					],
					"texture": "#0"
				}
			}
		},
		{
			"from": [
				7.498118991804701,
				-0.4065068872712523,
				8.501881008195298
			],
			"to": [
				8.501881008195298,
				14.900863862685355,
				8.501881008195298
			],
			"rotation": {
				"angle": 0,
				"axis": "y",
				"origin": [
					7.498118991804701,
					2.102898153705241,
					7.498118991804701
				]
			},
			"faces": {
				"north": {
					"uv": [
						7,
						3.25,
						7.5,
						10.875
					],
					"texture": "#0"
				},
				"south": {
					"uv": [
						5.25,
						7,
						5.75,
						14.625
					],
					"texture": "#0"
				}
			}
		},
		{
			"from": [
				7.498118991804701,
				-0.4065068872712523,
				7.498118991804701
			],
			"to": [
				7.498118991804701,
				14.900863862685355,
				8.501881008195298
			],
			"rotation": {
				"angle": 0,
				"axis": "y",
				"origin": [
					7.498118991804701,
					2.102898153705241,
					7.498118991804701
				]
			},
			"faces": {
				"north": {
					"uv": [
						0,
						0,
						0,
						7.625
					],
					"texture": "#0"
				},
				"east": {
					"uv": [
						5.75,
						7,
						6.25,
						14.625
					],
					"texture": "#0"
				},
				"south": {
					"uv": [
						0,
						0,
						0,
						7.625
					],
					"texture": "#0"
				},
				"west": {
					"uv": [
						6.25,
						7,
						6.75,
						14.625
					],
					"texture": "#0"
				},
				"up": {
					"uv": [
						0,
						0.5,
						0,
						0
					],
					"texture": "#0"
				},
				"down": {
					"uv": [
						0,
						0,
						0,
						0.5
					],
					"texture": "#0"
				}
			}
		}
	],
	"display": {
		"head": {
			"rotation": [
				0,
				0,
				0
			]
		}
	}
}