{
	"textures": {
		"0": "nyctocosm:items/nullpoint/nullpoint4"
	},
	"elements": [
		{
			"from": [
				6.7,
				6.699999999999999,
				6.7
			],
			"to": [
				9.3,
				9.3,
				9.3
			],
			"rotation": {
				"angle": 0,
				"axis": "y",
				"origin": [
					8,
					8,
					8.65
				]
			},
			"faces": {
				"north": {
					"uv": [
						3,
						4,
						3.5,
						4.5
					],
					"texture": "#0"
				},
				"east": {
					"uv": [
						4,
						3.75,
						4.5,
						4.25
					],
					"texture": "#0"
				},
				"south": {
					"uv": [
						4,
						4.25,
						4.5,
						4.75
					],
					"texture": "#0"
				},
				"west": {
					"uv": [
						4.5,
						0,
						5,
						0.5
					],
					"texture": "#0"
				},
				"up": {
					"uv": [
						5,
						1,
						4.5,
						0.5
					],
					"texture": "#0"
				},
				"down": {
					"uv": [
						5,
						1,
						4.5,
						1.5
					],
					"texture": "#0"
				}
			}
		}
	],
	"display": {
		"head": {
			"rotation": [
				0,
				0,
				0
			]
		}
	}
}