{
	"description": "Can be manipulated using magic",
	"values": [
		{
			"id": "#nyctocosm:livingthings",
			"required": false
		},
		{
			"id": "minecraft:arrow",
			"required": false
		},
		{
			"id": "minecraft:item",
			"required": false
		},
		{
			"id": "minecraft:falling_block",
			"required": false
		},
		{
			"id": "minecraft:fireball",
			"required": false
		},
		{
			"id": "minecraft:dragon_fireball",
			"required": false
		},
		{
			"id": "minecraft:trident",
			"required": false
		},
		{
			"id": "minecraft:ender_pearl",
			"required": false
		},
		{
			"id": "minecraft:spectral_arrow",
			"required": false
		},
		{
			"id": "minecraft:boat",
			"required": false
		},
		{
			"id": "minecraft:shulker_bullet",
			"required": false
		},
		{
			"id": "wither_skull",
			"required": false
		}
	]
}