[
    {
        "function": "minecraft:set_name",
        "entity": "this",
        "name": {
            "nbt": "skills.name",
            "storage": "minecraft:temp",
            "color": "yellow",
            "italic": false,
            "extra": [
                {
                    "text": " Level ",
                    "color": "yellow",
                    "italic": false,
                    "extra": [
                        {
                            "score": {
                                "name": "$level_name",
                                "objective": "__variable__"
                            },
                            "color": "yellow",
                            "italic": false
                        }
                    ]
                }
            ]
        }
    },
    {
        "function": "minecraft:set_lore",
        "entity": "this",
        "lore": [
            {
                "text": "Level ",
                "color": "gray",
                "italic": false,
                "extra": [
                    {
                        "score": {
                            "name": "$level_name",
                            "objective": "__variable__"
                        },
                        "color": "white"
                    }
                ]
            },
            {
                "text": " "
            },
            {
                "text": "Progress : ",
                "color": "gray",
                "italic": false,
                "extra": [
                    {
                        "score": {
                            "name": "$temp.perc",
                            "objective": "__variable__"
                        },
                        "color": "yellow",
                        "italic": false
                    },
                    {
                        "text": "%",
                        "color": "yellow",
                        "italic": false
                    }
                ]
            },
            {
                "nbt": "skills.progress",
                "storage": "minecraft:temp",
                "italic": false,
                "extra": [
                    {
                        "text": " ",
                        "extra": [
                            {
                                "score": {
                                    "name": "$temp.xp",
                                    "objective": "__variable__"
                                },
                                "color": "yellow",
                                "italic": false,
                                "extra": [
                                    {
                                        "text": "/",
                                        "color": "gold",
                                        "italic": false,
                                        "extra": [
                                            {
                                                "score": {
                                                    "name": "$temp.targ",
                                                    "objective": "__variable__"
                                                },
                                                "color": "yellow",
                                                "italic": false
                                            }
                                        ]
                                    }
                                ]
                            }
                        ]
                    }
                ]
            },
            {
                "text": " "
            },
            {
                "text": "Rewards:",
                "color": "gray",
                "italic": false
            },
            {
                "text": " - ",
                "color": "gray",
                "italic": false,
                "extra": [
                    {
                        "nbt": "a.rewards",
                        "storage": "minecraft:temp",
                        "color": "light_purple",
                        "italic": false
                    }
                ]
            },
            {
                "text": "CURRENT",
                "color": "yellow",
                "italic": false
            }
        ]
    },
    {
        "function": "minecraft:set_nbt",
        "tag": "{Enchantments:[{id:0,lvl:1}]}"
    }
]