[
    {
        "function": "minecraft:set_name",
        "entity": "this",
        "name": {
            "nbt": "skills.name",
            "storage": "minecraft:temp",
            "color": "yellow",
            "italic": false,
            "extra": [
                {
                    "text": " Level "
                },
                {
                    "score": {
                        "name": "$temp.lvl",
                        "objective": "__variable__"
                    },
                    "color": "yellow"
                }
            ]
        }
    },
    {
        "function": "minecraft:set_lore",
        "entity": "this",
        "lore": [
            {
                "text": "Rewards:",
                "color": "gray",
                "italic": false
            },
            {
                "text": " - Titles",
                "color": "light_purple",
                "bold": true,
                "italic": false
            },
            {
                "text": "  \u00b7 Level 10: ",
                "color": "yellow",
                "italic": false,
                "extra": [
                    {
                        "nbt": "skills.rewards[0]",
                        "storage": "minecraft:temp",
                        "italic": false
                    }
                ]
            },
            {
                "text": "  \u00b7 Level 20: ",
                "color": "yellow",
                "italic": false,
                "extra": [
                    {
                        "nbt": "skills.rewards[1]",
                        "storage": "minecraft:temp",
                        "italic": false
                    }
                ]
            },
            {
                "text": "  \u00b7 Level 30: ",
                "color": "gold",
                "italic": false,
                "extra": [
                    {
                        "nbt": "skills.rewards[2]",
                        "storage": "minecraft:temp",
                        "italic": false
                    }
                ]
            },
            {
                "text": ""
            },
            {
                "text": "Progress to Level ",
                "color": "gray",
                "italic": false,
                "extra": [
                    {
                        "score": {
                            "name": "$temp.lvl",
                            "objective": "__variable__"
                        },
                        "color": "gray",
                        "italic": false,
                        "extra": [
                            {
                                "text": ": ",
                                "color": "gray",
                                "italic": false,
                                "extra": [
                                    {
                                        "score": {
                                            "name": "$temp.p",
                                            "objective": "__variable__"
                                        },
                                        "color": "yellow",
                                        "italic": false,
                                        "extra": [
                                            {
                                                "text": "%",
                                                "color": "yellow",
                                                "italic": false
                                            }
                                        ]
                                    }
                                ]
                            }
                        ]
                    }
                ]
            },
            {
                "nbt": "skills.progress",
                "storage": "minecraft:temp",
                "italic": false,
                "extra": [
                    {
                        "text": " ",
                        "extra": [
                            {
                                "score": {
                                    "name": "$temp.xp",
                                    "objective": "__variable__"
                                },
                                "color": "yellow",
                                "italic": false,
                                "extra": [
                                    {
                                        "text": "/",
                                        "color": "gold",
                                        "italic": false,
                                        "extra": [
                                            {
                                                "score": {
                                                    "name": "$temp.targ",
                                                    "objective": "__variable__"
                                                },
                                                "color": "yellow",
                                                "italic": false
                                            }
                                        ]
                                    }
                                ]
                            }
                        ]
                    }
                ]
            },
            {
                "text": " "
            },
            {
                "text": "Ability: ",
                "color": "gray",
                "italic": false,
                "extra": [
                    {
                        "nbt": "ab.line[0]",
                        "storage": "minecraft:temp",
                        "color": "yellow",
                        "bold": true,
                        "italic": false
                    }
                ]
            },
            {
                "nbt": "ab.line[1]",
                "storage": "minecraft:temp",
                "color": "gray",
                "italic": false
            },
            {
                "nbt": "ab.line[2]",
                "storage": "minecraft:temp",
                "color": "gray",
                "italic": false,
                "extra": [
                    {
                        "text": ".",
                        "color": "gray",
                        "italic": false
                    }
                ]
            },
            {
                "text": "Chance: ",
                "color": "yellow",
                "italic": false,
                "extra": [
                    {
                        "score": {
                            "name": "$temp.ab",
                            "objective": "__variable__"
                        },
                        "color": "gold",
                        "bold": true,
                        "italic": false,
                        "extra": [
                            {
                                "text": "%",
                                "color": "gold",
                                "bold": true,
                                "italic": false
                            }
                        ]
                    }
                ]
            },
            {
                "text": "Click to view!",
                "color": "yellow",
                "italic": false
            }
        ]
    }
]