[
    {
        "function": "minecraft:set_lore",
        "entity": "this",
        "lore": [
            {
                "text": ""
            },
            {
                "text": "SELECTED",
                "color": "light_purple",
                "italic": false
            },
            {
                "text": "Click to unselect!",
                "color": "yellow",
                "italic": false
            }
        ]
    },
    {
        "function": "minecraft:set_name",
        "entity": "this",
        "name": {
            "nbt": "skills.temp",
            "storage": "minecraft:temp",
            "bold": true,
            "italic": false
        }
    }
]