[
    {
        "function": "minecraft:set_lore",
        "entity": "this",
        "lore": [
            {
                "text": ""
            },
            {
                "text": "UNLOCKED",
                "color": "green",
                "italic": false
            },
            {
                "text": "Click to select!",
                "color": "yellow",
                "italic": false
            }
        ]
    },
    {
        "function": "minecraft:set_name",
        "entity": "this",
        "name": {
            "nbt": "skills.temp",
            "storage": "minecraft:temp",
            "italic": false
        }
    }
]