{
    "feature": "nyctocosm:infernal_chasms/infernal_lake",
    "placement": [
      {
        "type": "minecraft:count",
        "count": {
          "type": "minecraft:uniform",
          "value": {
            "min_inclusive": 15,
            "max_inclusive": 20
          }
        }
      },
      {
        "type": "minecraft:in_square"
      },
      {
        "type": "minecraft:heightmap",
        "heightmap": "WORLD_SURFACE"
      },
      {
        "type": "minecraft:biome"
      }
    ]
  }
  