{
	"textures": {
		"0": "nyctocosm:magic/hypertrace/hypertrace"
	},
	"elements": [
		{
			"from": [
				7.75,
				7.75,
				-0.25
			],
			"to": [
				8.25,
				8.25,
				0.25
			],
			"rotation": {
				"angle": 0,
				"axis": "y",
				"origin": [
					8,
					8,
					0
				]
			},
			"faces": {
				"north": {
					"uv": [
						4,
						2.70313,
						4.5,
						3.20313
					],
					"texture": "#0"
				},
				"east": {
					"uv": [
						4,
						2.70313,
						4.5,
						3.20313
					],
					"texture": "#0"
				},
				"south": {
					"uv": [
						4,
						2.70313,
						4.5,
						3.20313
					],
					"texture": "#0"
				},
				"west": {
					"uv": [
						4,
						2.70313,
						4.5,
						3.20313
					],
					"texture": "#0"
				},
				"up": {
					"uv": [
						4,
						2.70313,
						4.5,
						3.20313
					],
					"texture": "#0"
				},
				"down": {
					"uv": [
						4,
						2.70313,
						4.5,
						3.20313
					],
					"texture": "#0"
				}
			}
		}
	],
	"display": {
		"head": {
			"rotation": [
				0,
				0,
				0
			]
		}
	}
}