{
  "pools": [
    {
      "rolls": {
        "min": 1,
        "max": 3
      },
      "entries": [
        {
          "type": "minecraft:item",
          "weight": 7,
          "functions": [
            {
              "function": "minecraft:set_count",
              "count": 1
            },
            {
              "function": "minecraft:looting_enchant",
              "count": {
                "min": 0.0,
                "max": 1.0
              }
            },
            {
              "function": "set_nbt",
              "tag": "{CustomModelData:100}"
            },
            {
                "function": "set_name",
                "name": {
                    "text": "Raw Calamari",
                    "italic": "false"
                }
            }
          ],
          "name": "minecraft:cod"
        },
        {
          "type": "minecraft:item",
          "weight": 7,
          "functions": [
            {
              "function": "minecraft:set_count",
              "count": {
                "min": 5.0,
                "max": 20.0,
                "type": "minecraft:uniform"
              }
            }
          ],
          "name": "minecraft:kelp"
        },
        {
          "type": "minecraft:item",
          "weight": 7,
          "functions": [
            {
              "function": "minecraft:set_count",
              "count": {
                "min": 5.0,
                "max": 20.0,
                "type": "minecraft:uniform"
              }
            }
          ],
          "name": "minecraft:seagrass"
        },
        {
          "type": "minecraft:item",
          "weight": 1,
          "functions": [
            {
              "function": "minecraft:set_count",
              "count": {
                "min": 0.0,
                "max": 1.0,
                "type": "minecraft:uniform"
              }
            }
          ],
          "name": "minecraft:sea_pickle"
        },
        {
          "type": "minecraft:item",
          "weight": 1,
          "functions": [
            {
              "function": "minecraft:set_count",
              "count": {
                "min": 0.0,
                "max": 1.0,
                "type": "minecraft:uniform"
              }
            }
          ],
          "name": "minecraft:turtle_egg"
        },
        {
          "type": "minecraft:item",
          "weight": 1,
          "functions": [
            {
              "function": "minecraft:set_count",
              "count": {
                "min": 0.0,
                "max": 1.0,
                "type": "minecraft:uniform"
              }
            }
          ],
          "name": "minecraft:nautilus_shell"
        },
        {
          "type": "minecraft:item",
          "weight": 7,
          "functions": [
            {
              "function": "minecraft:set_count",
              "count": {
                "min": 2.0,
                "max": 6.0,
                "type": "minecraft:uniform"
              }
            }
          ],
          "name": "minecraft:cod"
        },
        {
          "type": "minecraft:item",
          "weight": 7,
          "functions": [
            {
              "function": "minecraft:set_count",
              "count": {
                "min": 2.0,
                "max": 6.0,
                "type": "minecraft:uniform"
              }
            }
          ],
          "name": "minecraft:salmon"
        },
        {
          "type": "minecraft:item",
          "weight": 2,
          "functions": [
            {
              "function": "minecraft:set_count",
              "count": {
                "min": 0.0,
                "max": 2.0,
                "type": "minecraft:uniform"
              }
            }
          ],
          "name": "minecraft:pufferfish"
        },
        {
          "type": "minecraft:item",
          "weight": 5,
          "functions": [
            {
              "function": "minecraft:set_count",
              "count": {
                "min": 0.0,
                "max": 6.0,
                "type": "minecraft:uniform"
              }
            }
          ],
          "name": "minecraft:tropical_fish"
        },
        {
          "type": "minecraft:item",
          "weight": 5,
          "functions": [
            {
              "function": "minecraft:set_count",
              "count": {
                "min": 0.0,
                "max": 6.0,
                "type": "minecraft:uniform"
              }
            }
          ],
          "name": "minecraft:lily_pad"
        },
        {
          "type": "minecraft:item",
          "weight": 5,
          "functions": [
            {
              "function": "minecraft:set_count",
              "count": {
                "min": 0.0,
                "max": 6.0,
                "type": "minecraft:uniform"
              }
            }
          ],
          "name": "minecraft:ink_sac"
        },
        {
          "type": "minecraft:item",
          "weight": 7,
          "functions": [
            {
              "function": "minecraft:set_count",
              "count": {
                "min": 0.0,
                "max": 0.0,
                "type": "minecraft:uniform"
              }
            }
          ],
          "name": "minecraft:ink_sac"
        }
      ]
    }
  ]
}
