{"criteria":{"requirement":{"trigger": "minecraft:tick","conditions":{"player": [{"condition": "minecraft:entity_properties","entity": "this","predicate":{"nbt": "{Tags:[\"a.locomotion\"]}","flags":{"is_sneaking": true}}},{"condition": "minecraft:inverted","term":{"condition": "minecraft:alternative","terms": [{"condition": "minecraft:entity_properties","entity": "this","predicate":{"nbt": "{Tags:[\"a.dash\"]}"}},{"condition": "minecraft:entity_properties","entity": "this","predicate":{"nbt": "{Tags:[\"a.holdingsneak\"]}"}},{"condition": "minecraft:entity_scores","entity": "this","scores":{"a.dashcooldown":{"min": 1}}}]}}]}}},"rewards":{"function": "artifacts:locomotion/dash"}}