{
  "type": "minecraft:tree",
  "config": {
    "ignore_vines": true,
    "force_dirt": false,
    "minimum_size": {
      "type": "minecraft:two_layers_feature_size",
      "limit": 2,
      "lower_size": 0,
      "upper_size": 2
    },
    "dirt_provider": {
      "type": "minecraft:simple_state_provider",
      "state": {
        "Name": "minecraft:dirt"
      }
    },
    "trunk_provider": {
      "type": "minecraft:simple_state_provider",
      "state": {
        "Name": "minecraft:blackstone",
        "Properties": {
          "axis": "y"
        }
      }
    },
    "foliage_provider": {
      "type": "minecraft:simple_state_provider",
      "state": {
        "Name": "minecraft:mangrove_leaves",
        "Properties": {
          "distance": "7",
          "persistent": "true",
          "waterlogged": "false"
        }
      }
    },
    "root_placer": {
      "type": "minecraft:mangrove_root_placer",
      "root_provider": {
        "type": "minecraft:simple_state_provider",
        "state": {
          "Name": "minecraft:blackstone",
          "Properties": {
            "waterlogged": "false"
          }
        }
      },
      "trunk_offset_y": {
        "type": "minecraft:uniform",
        "value": {
          "min_inclusive": 1,
          "max_inclusive": 3
        }
      },
      "above_root_placement": {
        "above_root_provider": {
          "type": "minecraft:weighted_state_provider",
          "entries": [
            {
              "weight": 1,
              "data": {
                "Name": "minecraft:candle",
                "Properties": {
                  "candles": "1",
                  "lit": "true",
                  "waterlogged": "false"
                }
              }
            },
            {
              "weight": 1,
              "data": {
                "Name": "minecraft:black_candle",
                "Properties": {
                  "candles": "2",
                  "lit": "true",
                  "waterlogged": "false"
                }
              }
            },
            {
              "weight": 1,
              "data": {
                "Name": "minecraft:black_candle",
                "Properties": {
                  "candles": "3",
                  "lit": "true",
                  "waterlogged": "false"
                }
              }
            }
          ]
        },
        "above_root_placement_chance": 0.2
      },
      "mangrove_root_placement": {
        "max_root_width": 8,
        "max_root_length": 15,
        "random_skew_chance": 0.2,
        "can_grow_through": [
          "minecraft:blackstone",
          "minecraft:gilded_blackstone"
        ],
        "muddy_roots_in": [
          "minecraft:mud",
          "minecraft:muddy_mangrove_roots"
        ],
        "muddy_roots_provider": {
          "type": "minecraft:simple_state_provider",
          "state": {
            "Name": "minecraft:gilded_blackstone",
            "Properties": {
              "axis": "y"
            }
          }
        }
      }
    },
    "trunk_placer": {
      "type": "minecraft:upwards_branching_trunk_placer",
      "base_height": 10,
      "height_rand_a": 1,
      "height_rand_b": 4,
      "extra_branch_steps": {
        "type": "minecraft:uniform",
        "value": {
          "min_inclusive": 1,
          "max_inclusive": 4
        }
      },
      "extra_branch_length": {
        "type": "minecraft:uniform",
        "value": {
          "min_inclusive": 0,
          "max_inclusive": 5
        }
      },
      "place_branch_per_log_probability": 0.5,
      "can_grow_through": "#minecraft:mangrove_logs_can_grow_through"
    },
    "foliage_placer": {
      "type": "minecraft:random_spread_foliage_placer",
      "radius": 1,
      "offset": 0,
      "foliage_height": 1,
      "leaf_placement_attempts": 35
    },
    "decorators": [
      {
        "type": "minecraft:leave_vine",
        "probability": 0.125
      }
    ]
  }
}
