{
    "feature": "nyctocosm:desert_of_rime/crystal_pile",
    "placement": [
      {
        "type": "minecraft:count",
        "count": {
          "type": "minecraft:uniform",
          "value": {
            "min_inclusive": 0,
            "max_inclusive": 2
          }
        }
      },
      {
        "type": "minecraft:in_square"
      },
      {
        "type": "minecraft:heightmap",
        "heightmap": "WORLD_SURFACE"
      },
      {
        "type": "minecraft:biome"
      }
    ]
  }
  