{"type": "minecraft:entity","pools": [{"rolls": 3,"entries": [{"type": "minecraft:item","name": "minecraft:black_dye","functions": [{"function": "minecraft:set_count","count": 1},{"function": "minecraft:set_nbt","tag": "{display:{Name:'{\"translate\":\"item.nyctocosm.null_splinter\",\"color\":\"dark_purple\",\"italic\":false}'},CustomModelData:2,nullsplinter:1}"}]},{"type": "minecraft:item","name": "minecraft:black_dye","functions": [{"function": "minecraft:set_nbt","tag": "{display:{Name:'{\"translate\":\"item.nyctocosm.void_shard\",\"color\":\"dark_purple\",\"italic\":false}'},CustomModelData:3,voidshard:1}"},{"function": "minecraft:set_count","count":{"min": 12,"max": 20}}]}]},{"rolls": 1,"entries": [{"type": "minecraft:item","name": "minecraft:black_dye","functions": [{"function": "minecraft:set_count","count":{"min": 20,"max": 55}},{"function": "minecraft:set_nbt","tag": "{display:{Name:'{\"translate\":\"item.nyctocosm.seelic_essence\",\"italic\":false}'},CustomModelData:1,seelicessence:1b}"}]}]}]}