{
  "placement": {
    "type": "minecraft:random_spread",
    "salt": 10387312,
    "separation": 8,
    "spacing": 34
  },
  "structures": [
    {
      "structure": "gatkong:village_badlands",
      "weight": 1
    },
    {
      "structure": "gatkong:village_forest",
      "weight": 1
    },
    {
      "structure": "gatkong:village_frozen",
      "weight": 1
    },
    {
      "structure": "gatkong:village_jungle",
      "weight": 1
    },
    {
      "structure": "gatkong:village_ocean",
      "weight": 1
    },
    {
      "structure": "gatkong:village_snowy_slopes",
      "weight": 1
    },
    {
      "structure": "gatkong:village_swamp",
      "weight": 1
    },
    {
      "structure": "gatkong:village_cave",
      "weight": 1
    }
  ]
}