{
	"credit": "Made with Blockbench",
	"textures": {
		"0": "item/carrot_on_a_stick/illustemplate",
		"particle": "item/carrot_on_a_stick/illustemplate"
	},
	"elements": [
		{
			"name": "leftcastoutside",
			"from": [7, 9, 6.5],
			"to": [10, 12, 9.5],
			"rotation": {"angle": 45, "axis": "z", "origin": [8.5, 10.5, 8.5]},
			"faces": {
				"north": {"uv": [1.5, 11, 1.625, 11.125], "texture": "#0"},
				"east": {"uv": [1.5, 11, 1.625, 11.125], "texture": "#0"},
				"south": {"uv": [1.5, 11, 1.625, 11.125], "texture": "#0"},
				"west": {"uv": [1.5, 11, 1.625, 11.125], "texture": "#0"},
				"up": {"uv": [1.5, 11, 1.625, 11.125], "texture": "#0"},
				"down": {"uv": [1.5, 11, 1.625, 11.125], "texture": "#0"}
			}
		},
		{
			"name": "leftcastinside",
			"from": [6.5, 9.5, 7],
			"to": [10.5, 11.5, 9],
			"rotation": {"angle": 45, "axis": "z", "origin": [8.5, 10.5, 8.5]},
			"faces": {
				"north": {"uv": [1.625, 11.125, 1.875, 11.375], "texture": "#0"},
				"east": {"uv": [1.625, 11.125, 1.875, 11.375], "texture": "#0"},
				"south": {"uv": [1.625, 11.125, 1.875, 11.375], "texture": "#0"},
				"west": {"uv": [1.625, 11.125, 1.875, 11.375], "texture": "#0"},
				"up": {"uv": [1.625, 11.125, 1.875, 11.375], "texture": "#0"},
				"down": {"uv": [1.625, 11.125, 1.875, 11.375], "texture": "#0"}
			}
		},
		{
			"name": "leftcastinside3",
			"from": [7.5, 8.5, 7],
			"to": [9.5, 12.5, 9],
			"rotation": {"angle": 45, "axis": "z", "origin": [8.5, 10.5, 8.5]},
			"faces": {
				"north": {"uv": [1.625, 11.125, 1.875, 11.375], "texture": "#0"},
				"east": {"uv": [1.625, 11.125, 1.875, 11.375], "texture": "#0"},
				"south": {"uv": [1.625, 11.125, 1.875, 11.375], "texture": "#0"},
				"west": {"uv": [1.625, 11.125, 1.875, 11.375], "texture": "#0"},
				"up": {"uv": [1.625, 11.125, 1.875, 11.375], "texture": "#0"},
				"down": {"uv": [1.625, 11.125, 1.875, 11.375], "texture": "#0"}
			}
		},
		{
			"name": "leftcastinside4",
			"from": [7.5, 9.5, 6],
			"to": [9.5, 11.5, 10],
			"rotation": {"angle": 45, "axis": "z", "origin": [8.5, 10.5, 8.5]},
			"faces": {
				"north": {"uv": [1.625, 11.125, 1.875, 11.375], "texture": "#0"},
				"east": {"uv": [1.625, 11.125, 1.875, 11.375], "texture": "#0"},
				"south": {"uv": [1.625, 11.125, 1.875, 11.375], "texture": "#0"},
				"west": {"uv": [1.625, 11.125, 1.875, 11.375], "texture": "#0"},
				"up": {"uv": [1.625, 11.125, 1.875, 11.375], "texture": "#0"},
				"down": {"uv": [1.625, 11.125, 1.875, 11.375], "texture": "#0"}
			}
		}
	],
	"display": {
		"thirdperson_righthand": {
			"translation": [-0.75, -5.75, -3.75],
			"scale": [1.5, 1.5, 1.5]
		},
		"thirdperson_lefthand": {
			"translation": [0.5, -5.75, -3.75],
			"scale": [1.5, 1.5, 1.5]
		},
		"firstperson_righthand": {
			"translation": [0, 0, -1.5],
			"scale": [1.5, 1.5, 1.5]
		},
		"firstperson_lefthand": {
			"translation": [0, 0, -1.5],
			"scale": [1.5, 1.5, 1.5]
		},
		"ground": {
			"rotation": [0, 0, 45],
			"translation": [0, 5, 8],
			"scale": [1.5, 1.5, 1.5]
		},
		"gui": {
			"rotation": [-60, 0, 0],
			"translation": [-1.5, -4, 0],
			"scale": [3, 3, 3]
		},
		"head": {
			"translation": [-1.75, 5, 0],
			"scale": [4, 4, 4]
		},
		"fixed": {
			"translation": [-1.5, -6.75, 0],
			"scale": [3, 3, 3]
		}
	},
	"groups": [
		{
			"name": "rightcast",
			"origin": [18, 22, 18],
			"children": [0, 1, 2, 3]
		}
	]
}