{
	"credit": "Made with Blockbench",
	"texture_size": [128, 128],
	"textures": {
		"0": "item/carrot_on_a_stick/boss2",
		"particle": "item/carrot_on_a_stick/boss2"
	},
	"elements": [
		{
			"name": "torsobot",
			"from": [3, 4, 3],
			"to": [13, 13, 20],
			"rotation": {"angle": 0, "axis": "y", "origin": [8, 6, 6]},
			"faces": {
				"north": {"uv": [0, 2.125, 1.25, 3.25], "texture": "#0"},
				"east": {"uv": [1.25, 0, 3.375, 1.125], "texture": "#0"},
				"south": {"uv": [3.375, 0, 4.625, 1.125], "texture": "#0"},
				"west": {"uv": [2.5, 2.5, 4.625, 3.625], "texture": "#0"},
				"up": {"uv": [1.25, 2.125, 0, 0], "texture": "#0"},
				"down": {"uv": [2.5, 1.25, 1.25, 3.375], "texture": "#0"}
			}
		},
		{
			"name": "torsotop",
			"from": [1, 12, 1],
			"to": [15, 18, 9],
			"rotation": {"angle": -22.5, "axis": "x", "origin": [8, 12, 4]},
			"faces": {
				"north": {"uv": [1.75, 3.625, 3.5, 4.375], "texture": "#0"},
				"east": {"uv": [5, 5, 6, 5.75], "texture": "#0"},
				"south": {"uv": [3.5, 3.625, 5.25, 4.375], "texture": "#0"},
				"west": {"uv": [5.125, 0, 6.125, 0.75], "texture": "#0"},
				"up": {"uv": [4.25, 2.125, 2.5, 1.125], "texture": "#0"},
				"down": {"uv": [1.75, 3.375, 0, 4.375], "texture": "#0"}
			}
		},
		{
			"name": "torsomid",
			"from": [4, 13, 6],
			"to": [12, 14, 8],
			"rotation": {"angle": 0, "axis": "y", "origin": [18, 21, 16]},
			"faces": {
				"north": {"uv": [1.25, 1.125, 2.25, 1.25], "texture": "#0"},
				"east": {"uv": [2.25, 1.125, 2.5, 1.25], "texture": "#0"},
				"south": {"uv": [0, 3.25, 1, 3.375], "texture": "#0"},
				"west": {"uv": [1, 3.25, 1.25, 3.375], "texture": "#0"},
				"up": {"uv": [6, 4.75, 5, 4.5], "texture": "#0"},
				"down": {"uv": [6, 4.75, 5, 5], "texture": "#0"}
			}
		},
		{
			"name": "head",
			"from": [5, 14, -5],
			"to": [11, 20, 1],
			"rotation": {"angle": 22.5, "axis": "z", "origin": [8, 15, 1]},
			"faces": {
				"north": {"uv": [5.125, 0.75, 5.875, 1.5], "texture": "#0"},
				"east": {"uv": [5.125, 1.5, 5.875, 2.25], "texture": "#0"},
				"south": {"uv": [5.125, 2.25, 5.875, 3], "texture": "#0"},
				"west": {"uv": [5.25, 3, 6, 3.75], "texture": "#0"},
				"up": {"uv": [6, 4.5, 5.25, 3.75], "texture": "#0"},
				"down": {"uv": [5.75, 5.75, 5, 6.5], "texture": "#0"}
			}
		},
		{
			"name": "nose",
			"from": [7, 12, -6.5],
			"to": [9, 15, -5],
			"rotation": {"angle": 22.5, "axis": "z", "origin": [8, 15, 0]},
			"faces": {
				"north": {"uv": [4, 2.125, 4.25, 2.5], "texture": "#0"},
				"east": {"uv": [4.5, 2.125, 4.625, 2.5], "texture": "#0"},
				"south": {"uv": [1.25, 6.625, 1.5, 7], "texture": "#0"},
				"west": {"uv": [6.75, 7.125, 6.875, 7.5], "texture": "#0"},
				"up": {"uv": [4.5, 2.5, 4.25, 2.375], "texture": "#0"},
				"down": {"uv": [7.375, 3.25, 7.125, 3.375], "texture": "#0"}
			}
		},
		{
			"name": "jaw",
			"from": [5.53492, 11.31075, -5],
			"to": [11.53492, 12.31075, 1],
			"rotation": {"angle": 22.5, "axis": "z", "origin": [6.53492, 13.31075, -4]},
			"faces": {
				"north": {"uv": [6.625, 0.375, 7.375, 0.5], "texture": "#0"},
				"east": {"uv": [6.625, 0.75, 7.375, 0.875], "texture": "#0"},
				"south": {"uv": [6.625, 0.875, 7.375, 1], "texture": "#0"},
				"west": {"uv": [6.625, 1, 7.375, 1.125], "texture": "#0"},
				"up": {"uv": [6.5, 6.5, 5.75, 5.75], "texture": "#0"},
				"down": {"uv": [6.625, 0.75, 5.875, 1.5], "texture": "#0"}
			}
		},
		{
			"name": "throat",
			"from": [5.15224, 12.23463, -1],
			"to": [11.15224, 13.23463, 1],
			"rotation": {"angle": 22.5, "axis": "z", "origin": [6.15224, 14.23463, -4]},
			"faces": {
				"north": {"uv": [6.625, 1.125, 7.375, 1.25], "texture": "#0"},
				"east": {"uv": [7.125, 5.375, 7.375, 5.5], "texture": "#0"},
				"south": {"uv": [6.625, 1.25, 7.375, 1.375], "texture": "#0"},
				"west": {"uv": [7.25, 7.25, 7.5, 7.375], "texture": "#0"},
				"up": {"uv": [2.5, 3.625, 1.75, 3.375], "texture": "#0"},
				"down": {"uv": [6.75, 5.5, 6, 5.75], "texture": "#0"}
			}
		},
		{
			"name": "leftcheek",
			"from": [5.15224, 12.23463, -4],
			"to": [5.15224, 13.23463, -1],
			"rotation": {"angle": 22.5, "axis": "z", "origin": [6.15224, 14.23463, -4]},
			"faces": {
				"north": {"uv": [0, 0, 0, 0.125], "texture": "#0"},
				"east": {"uv": [6.875, 7.125, 7.25, 7.25], "texture": "#0"},
				"south": {"uv": [0, 0, 0, 0.125], "texture": "#0"},
				"west": {"uv": [7.125, 0.5, 7.5, 0.625], "texture": "#0"},
				"up": {"uv": [0, 0.375, 0, 0], "texture": "#0"},
				"down": {"uv": [0, 0, 0, 0.375], "texture": "#0"}
			}
		},
		{
			"name": "rightcheek",
			"from": [11.15224, 12.23463, -3],
			"to": [11.15224, 13.23463, -1],
			"rotation": {"angle": 22.5, "axis": "z", "origin": [6.15224, 14.23463, -4]},
			"faces": {
				"north": {"uv": [0, 0, 0, 0.125], "texture": "#0"},
				"east": {"uv": [7.25, 4.125, 7.5, 4.25], "texture": "#0"},
				"south": {"uv": [0, 0, 0, 0.125], "texture": "#0"},
				"west": {"uv": [7.25, 4.25, 7.5, 4.375], "texture": "#0"},
				"up": {"uv": [0, 0.25, 0, 0], "texture": "#0"},
				"down": {"uv": [0, 0, 0, 0.25], "texture": "#0"}
			}
		},
		{
			"name": "rightleg",
			"from": [14, 0, 15],
			"to": [18, 14, 19],
			"rotation": {"angle": -22.5, "axis": "x", "origin": [14, 10, 17]},
			"faces": {
				"north": {"uv": [2, 4.375, 2.5, 6.125], "texture": "#0"},
				"east": {"uv": [2.5, 4.375, 3, 6.125], "texture": "#0"},
				"south": {"uv": [3, 4.375, 3.5, 6.125], "texture": "#0"},
				"west": {"uv": [3.5, 4.375, 4, 6.125], "texture": "#0"},
				"up": {"uv": [2.875, 6.625, 2.375, 6.125], "texture": "#0"},
				"down": {"uv": [3.375, 6.125, 2.875, 6.625], "texture": "#0"}
			}
		},
		{
			"name": "leftleg",
			"from": [-2, 0, 15],
			"to": [2, 14, 19],
			"rotation": {"angle": 0, "axis": "y", "origin": [2, 10, 17]},
			"faces": {
				"north": {"uv": [4, 4.375, 4.5, 6.125], "texture": "#0"},
				"east": {"uv": [4.5, 4.5, 5, 6.25], "texture": "#0"},
				"south": {"uv": [4.625, 0, 5.125, 1.75], "texture": "#0"},
				"west": {"uv": [4.625, 1.75, 5.125, 3.5], "texture": "#0"},
				"up": {"uv": [3.875, 6.625, 3.375, 6.125], "texture": "#0"},
				"down": {"uv": [4.375, 6.125, 3.875, 6.625], "texture": "#0"}
			}
		},
		{
			"name": "lefttendon",
			"from": [2, 9, 16],
			"to": [3, 11, 18],
			"rotation": {"angle": 0, "axis": "y", "origin": [10, 18, 24]},
			"faces": {
				"north": {"uv": [4.25, 7.25, 4.375, 7.5], "texture": "#0"},
				"east": {"uv": [6.875, 3.125, 7.125, 3.375], "texture": "#0"},
				"south": {"uv": [5.5, 7.25, 5.625, 7.5], "texture": "#0"},
				"west": {"uv": [6.875, 5.75, 7.125, 6], "texture": "#0"},
				"up": {"uv": [5.75, 7.5, 5.625, 7.25], "texture": "#0"},
				"down": {"uv": [5.875, 7.25, 5.75, 7.5], "texture": "#0"}
			}
		},
		{
			"name": "righttendon",
			"from": [13, 9, 16],
			"to": [14, 11, 18],
			"rotation": {"angle": 0, "axis": "y", "origin": [21, 18, 24]},
			"faces": {
				"north": {"uv": [5.875, 7.25, 6, 7.5], "texture": "#0"},
				"east": {"uv": [6.875, 6, 7.125, 6.25], "texture": "#0"},
				"south": {"uv": [6, 7.25, 6.125, 7.5], "texture": "#0"},
				"west": {"uv": [6.875, 6.25, 7.125, 6.5], "texture": "#0"},
				"up": {"uv": [6.25, 7.5, 6.125, 7.25], "texture": "#0"},
				"down": {"uv": [6.375, 7.25, 6.25, 7.5], "texture": "#0"}
			}
		},
		{
			"name": "humerus",
			"from": [15, 12, 2],
			"to": [17, 17, 4],
			"rotation": {"angle": 22.5, "axis": "z", "origin": [15, 15, 3]},
			"faces": {
				"north": {"uv": [4.25, 1.125, 4.5, 1.75], "texture": "#0"},
				"east": {"uv": [4.25, 1.75, 4.5, 2.375], "texture": "#0"},
				"south": {"uv": [5.5, 6.5, 5.75, 7.125], "texture": "#0"},
				"west": {"uv": [5.75, 6.5, 6, 7.125], "texture": "#0"},
				"up": {"uv": [3.625, 7.125, 3.375, 6.875], "texture": "#0"},
				"down": {"uv": [7, 6.875, 6.75, 7.125], "texture": "#0"}
			}
		},
		{
			"name": "midbone",
			"from": [16, 9, 0],
			"to": [18, 14, 2],
			"rotation": {"angle": 45, "axis": "x", "origin": [16, 12, 1]},
			"faces": {
				"north": {"uv": [6, 6.5, 6.25, 7.125], "texture": "#0"},
				"east": {"uv": [6.25, 6.5, 6.5, 7.125], "texture": "#0"},
				"south": {"uv": [6.5, 6.5, 6.75, 7.125], "texture": "#0"},
				"west": {"uv": [6.5, 3.5, 6.75, 4.125], "texture": "#0"},
				"up": {"uv": [7.125, 0.75, 6.875, 0.5], "texture": "#0"},
				"down": {"uv": [7.125, 2.375, 6.875, 2.625], "texture": "#0"}
			}
		},
		{
			"name": "forearm",
			"from": [12, 8, -2],
			"to": [17, 10, 0],
			"rotation": {"angle": 22.5, "axis": "z", "origin": [15, 10, -1]},
			"faces": {
				"north": {"uv": [6.5, 4.125, 7.125, 4.375], "texture": "#0"},
				"east": {"uv": [6.875, 2.625, 7.125, 2.875], "texture": "#0"},
				"south": {"uv": [6.5, 4.375, 7.125, 4.625], "texture": "#0"},
				"west": {"uv": [6.875, 2.875, 7.125, 3.125], "texture": "#0"},
				"up": {"uv": [7.125, 4.875, 6.5, 4.625], "texture": "#0"},
				"down": {"uv": [7.125, 4.875, 6.5, 5.125], "texture": "#0"}
			}
		},
		{
			"name": "connection",
			"from": [12.45253, 5.69763, -3],
			"to": [14.45253, 6.69763, -2],
			"rotation": {"angle": 22.5, "axis": "z", "origin": [12.45253, 5.69763, -2]},
			"faces": {
				"north": {"uv": [7.25, 4.375, 7.5, 4.5], "texture": "#0"},
				"east": {"uv": [7.375, 0.75, 7.5, 0.875], "texture": "#0"},
				"south": {"uv": [7.25, 4.5, 7.5, 4.625], "texture": "#0"},
				"west": {"uv": [7.375, 0.875, 7.5, 1], "texture": "#0"},
				"up": {"uv": [7.5, 4.75, 7.25, 4.625], "texture": "#0"},
				"down": {"uv": [7.5, 4.75, 7.25, 4.875], "texture": "#0"}
			}
		},
		{
			"name": "connection2",
			"from": [12.45253, 5.69763, 0],
			"to": [14.45253, 6.69763, 1],
			"rotation": {"angle": 22.5, "axis": "z", "origin": [12.45253, 5.69763, 1]},
			"faces": {
				"north": {"uv": [7.25, 4.875, 7.5, 5], "texture": "#0"},
				"east": {"uv": [7.375, 1, 7.5, 1.125], "texture": "#0"},
				"south": {"uv": [7.25, 5, 7.5, 5.125], "texture": "#0"},
				"west": {"uv": [7.375, 1.125, 7.5, 1.25], "texture": "#0"},
				"up": {"uv": [7.5, 5.875, 7.25, 5.75], "texture": "#0"},
				"down": {"uv": [7.5, 5.875, 7.25, 6], "texture": "#0"}
			}
		},
		{
			"name": "connection3",
			"from": [11.30448, 8.46927, 0],
			"to": [13.30448, 9.46927, 1],
			"rotation": {"angle": 22.5, "axis": "z", "origin": [11.30448, 8.46927, 1]},
			"faces": {
				"north": {"uv": [7.25, 6, 7.5, 6.125], "texture": "#0"},
				"east": {"uv": [7.375, 1.25, 7.5, 1.375], "texture": "#0"},
				"south": {"uv": [7.25, 6.125, 7.5, 6.25], "texture": "#0"},
				"west": {"uv": [7.375, 1.375, 7.5, 1.5], "texture": "#0"},
				"up": {"uv": [7.5, 6.375, 7.25, 6.25], "texture": "#0"},
				"down": {"uv": [7.5, 6.375, 7.25, 6.5], "texture": "#0"}
			}
		},
		{
			"name": "connection4",
			"from": [11.30448, 8.46927, -3],
			"to": [13.30448, 9.46927, -2],
			"rotation": {"angle": 22.5, "axis": "z", "origin": [11.30448, 8.46927, -2]},
			"faces": {
				"north": {"uv": [7.25, 7.125, 7.5, 7.25], "texture": "#0"},
				"east": {"uv": [7.375, 1.5, 7.5, 1.625], "texture": "#0"},
				"south": {"uv": [0.375, 7.375, 0.625, 7.5], "texture": "#0"},
				"west": {"uv": [7.375, 1.625, 7.5, 1.75], "texture": "#0"},
				"up": {"uv": [0.875, 7.5, 0.625, 7.375], "texture": "#0"},
				"down": {"uv": [1.125, 7.375, 0.875, 7.5], "texture": "#0"}
			}
		},
		{
			"name": "body",
			"from": [5.57194, 6.62464, -1.5],
			"to": [12.57194, 7.62464, -0.5],
			"rotation": {"angle": 22.5, "axis": "z", "origin": [10.57194, 7.62464, -0.5]},
			"faces": {
				"north": {"uv": [6.25, 5.375, 7.125, 5.5], "texture": "#0"},
				"east": {"uv": [7.375, 1.75, 7.5, 1.875], "texture": "#0"},
				"south": {"uv": [0.375, 6.625, 1.25, 6.75], "texture": "#0"},
				"west": {"uv": [7.375, 1.875, 7.5, 2], "texture": "#0"},
				"up": {"uv": [3.25, 6.75, 2.375, 6.625], "texture": "#0"},
				"down": {"uv": [4.125, 6.625, 3.25, 6.75], "texture": "#0"}
			}
		},
		{
			"name": "head1",
			"from": [5.79403, 3.48078, -1.5],
			"to": [6.79403, 5.48078, -0.5],
			"rotation": {"angle": 22.5, "axis": "z", "origin": [5.79403, 3.48078, -0.6]},
			"faces": {
				"north": {"uv": [1.125, 7.375, 1.25, 7.625], "texture": "#0"},
				"east": {"uv": [1.5, 7.375, 1.625, 7.625], "texture": "#0"},
				"south": {"uv": [1.625, 7.375, 1.75, 7.625], "texture": "#0"},
				"west": {"uv": [1.75, 7.375, 1.875, 7.625], "texture": "#0"},
				"up": {"uv": [7.5, 2.125, 7.375, 2], "texture": "#0"},
				"down": {"uv": [7.5, 2.125, 7.375, 2.25], "texture": "#0"}
			}
		},
		{
			"name": "head2",
			"from": [6.94836, 3.70495, -1.5],
			"to": [9.94836, 4.70495, -0.7],
			"rotation": {"angle": 22.5, "axis": "z", "origin": [8.94836, 3.70495, -0.6]},
			"faces": {
				"north": {"uv": [7.125, 0.625, 7.5, 0.75], "texture": "#0"},
				"east": {"uv": [7.375, 2.25, 7.5, 2.375], "texture": "#0"},
				"south": {"uv": [7.125, 2.375, 7.5, 2.5], "texture": "#0"},
				"west": {"uv": [7.375, 3.25, 7.5, 3.375], "texture": "#0"},
				"up": {"uv": [7.5, 2.625, 7.125, 2.5], "texture": "#0"},
				"down": {"uv": [7.5, 2.625, 7.125, 2.75], "texture": "#0"}
			}
		},
		{
			"name": "barb",
			"from": [7.06215, 2.74732, -1.5],
			"to": [8.06215, 2.74732, -1],
			"rotation": {"angle": -22.5, "axis": "z", "origin": [7.56215, 2.74732, -1]},
			"faces": {
				"north": {"uv": [0, 0, 0, 0.125], "rotation": 90, "texture": "#0"},
				"east": {"uv": [0, 0, 0, 0.0625], "rotation": 270, "texture": "#0"},
				"south": {"uv": [0, 0, 0, 0.125], "rotation": 270, "texture": "#0"},
				"west": {"uv": [0, 0, 0, 0.0625], "rotation": 270, "texture": "#0"},
				"up": {"uv": [6.375, 7.5, 6.4375, 7.625], "rotation": 270, "texture": "#0"},
				"down": {"uv": [6.375, 7.5, 6.4375, 7.625], "rotation": 270, "texture": "#0"}
			}
		},
		{
			"name": "barb2",
			"from": [7.98603, 3.13001, -1.2],
			"to": [8.98603, 3.13001, -0.7],
			"rotation": {"angle": -22.5, "axis": "z", "origin": [8.48603, 3.13001, -1.2]},
			"faces": {
				"north": {"uv": [0, 0, 0, 0.125], "rotation": 90, "texture": "#0"},
				"east": {"uv": [0, 0, 0, 0.0625], "rotation": 270, "texture": "#0"},
				"south": {"uv": [0, 0, 0, 0.125], "rotation": 270, "texture": "#0"},
				"west": {"uv": [0, 0, 0, 0.0625], "rotation": 270, "texture": "#0"},
				"up": {"uv": [6.375, 7.5, 6.4375, 7.625], "rotation": 270, "texture": "#0"},
				"down": {"uv": [6.375, 7.5, 6.4375, 7.625], "rotation": 270, "texture": "#0"}
			}
		},
		{
			"name": "barb3",
			"from": [8.90991, 3.51269, -1.5],
			"to": [9.90991, 3.51269, -1],
			"rotation": {"angle": -22.5, "axis": "z", "origin": [9.40991, 3.51269, -1]},
			"faces": {
				"north": {"uv": [0, 0, 0, 0.125], "rotation": 90, "texture": "#0"},
				"east": {"uv": [0, 0, 0, 0.0625], "rotation": 270, "texture": "#0"},
				"south": {"uv": [0, 0, 0, 0.125], "rotation": 270, "texture": "#0"},
				"west": {"uv": [0, 0, 0, 0.0625], "rotation": 270, "texture": "#0"},
				"up": {"uv": [6.375, 7.5, 6.4375, 7.625], "rotation": 270, "texture": "#0"},
				"down": {"uv": [6.375, 7.5, 6.4375, 7.625], "rotation": 270, "texture": "#0"}
			}
		},
		{
			"name": "leftleg",
			"from": [-4, 0, 2],
			"to": [0, 18, 6],
			"rotation": {"angle": -22.5, "axis": "x", "origin": [0, 15, 4]},
			"faces": {
				"north": {"uv": [0, 4.375, 0.5, 6.625], "texture": "#0"},
				"east": {"uv": [0.5, 4.375, 1, 6.625], "texture": "#0"},
				"south": {"uv": [1, 4.375, 1.5, 6.625], "texture": "#0"},
				"west": {"uv": [1.5, 4.375, 2, 6.625], "texture": "#0"},
				"up": {"uv": [6.625, 0.5, 6.125, 0], "texture": "#0"},
				"down": {"uv": [6.625, 3, 6.125, 3.5], "texture": "#0"}
			}
		},
		{
			"name": "tendon",
			"from": [0, 14, 3],
			"to": [1, 16, 5],
			"rotation": {"angle": 0, "axis": "y", "origin": [8, 23, 11]},
			"faces": {
				"north": {"uv": [6.375, 7.25, 6.5, 7.5], "texture": "#0"},
				"east": {"uv": [1.25, 7, 1.5, 7.25], "texture": "#0"},
				"south": {"uv": [6.875, 7.25, 7, 7.5], "texture": "#0"},
				"west": {"uv": [4.125, 7, 4.375, 7.25], "texture": "#0"},
				"up": {"uv": [7.125, 7.5, 7, 7.25], "texture": "#0"},
				"down": {"uv": [7.25, 7.25, 7.125, 7.5], "texture": "#0"}
			}
		}
	],
	"display": {
		"thirdperson_righthand": {
			"scale": [2, 2, 2]
		},
		"firstperson_righthand": {
			"rotation": [0, -180, 0],
			"translation": [-9, 0, -6.75]
		},
		"firstperson_lefthand": {
			"rotation": [0, -180, 0],
			"translation": [-9, 0, -6.75]
		},
		"ground": {
			"scale": [4, 4, 4]
		},
		"head": {
			"translation": [0, -20, -0.5],
			"scale": [3, 3, 3]
		}
	},
	"groups": [
		{
			"name": "torso",
			"origin": [8, 8, 8],
			"children": [0, 1, 2]
		},
		{
			"name": "head",
			"origin": [8, 8, 8],
			"children": [3, 4,
				{
					"name": "mouth",
					"origin": [8, 8, 8],
					"children": [
						{
							"name": "resting",
							"origin": [8, 8, 8],
							"children": [5, 6, 7, 8]
						},
						{
							"name": "agape",
							"origin": [8, 8, 8],
							"children": [9, 9, 9, 9]
						}
					]
				}
			]
		},
		{
			"name": "legs",
			"origin": [8, 8, 8],
			"children": [9, 10, 11, 12]
		},
		{
			"name": "rightarm",
			"origin": [8, 8, 8],
			"children": [13, 14, 15,
				{
					"name": "talonaxe",
					"origin": [8, 8, 8],
					"children": [16, 17, 18, 19, 20, 21, 22, 23, 24, 25]
				},
				{
					"name": "tentacles",
					"origin": [8, 8, 8],
					"children": [26, 26, 26, 26,
						{
							"name": "attack",
							"origin": [8, 8, 8],
							"children": [26, 26, 26, 26]
						}
					]
				}
			]
		},
		{
			"name": "leftarm",
			"origin": [8, 8, 8],
			"children": [26, 27]
		},
		{
			"name": "backtentacles",
			"origin": [8, 8, 8],
			"children": [
				{
					"name": "frontleft",
					"origin": [5.5, 12, 10.5],
					"children": [28, 28, 28, 28]
				},
				{
					"name": "backleft",
					"origin": [8, 8, 8],
					"children": [28, 28, 28, 28]
				},
				{
					"name": "backright",
					"origin": [8, 8, 8],
					"children": [28, 28, 28, 28]
				},
				{
					"name": "frontright",
					"origin": [8, 8, 8],
					"children": [28, 28, 28]
				}
			]
		}
	]
}