{
	"credit": "Made with Blockbench",
	"texture_size": [64, 64],
	"textures": {
		"1": "item/carrot_on_a_stick/illustemplate"
	},
	"elements": [
		{
			"name": "leftleg",
			"from": [6, 0, 7],
			"to": [8, 6, 9],
			"rotation": {"angle": 0, "axis": "y", "origin": [7, 6, 8]},
			"faces": {
				"north": {"uv": [4.75, 9.25, 5.25, 10.75], "texture": "#1"},
				"east": {"uv": [5.25, 9.25, 5.75, 10.75], "texture": "#1"},
				"south": {"uv": [9.25, 1.75, 9.75, 3.25], "texture": "#1"},
				"west": {"uv": [9.25, 3.25, 9.75, 4.75], "texture": "#1"},
				"up": {"uv": [10.25, 5.5, 9.75, 5], "texture": "#1"},
				"down": {"uv": [10.25, 5.5, 9.75, 6], "texture": "#1"}
			}
		},
		{
			"name": "rightleg",
			"from": [8, 0, 7],
			"to": [10, 6, 9],
			"rotation": {"angle": 0, "axis": "y", "origin": [9, 6, 8]},
			"faces": {
				"north": {"uv": [9.25, 4.75, 9.75, 6.25], "texture": "#1"},
				"east": {"uv": [5.75, 9.75, 6.25, 11.25], "texture": "#1"},
				"south": {"uv": [6.25, 9.75, 6.75, 11.25], "texture": "#1"},
				"west": {"uv": [6.75, 9.75, 7.25, 11.25], "texture": "#1"},
				"up": {"uv": [10.5, 6.5, 10, 6], "texture": "#1"},
				"down": {"uv": [10.75, 0, 10.25, 0.5], "texture": "#1"}
			}
		},
		{
			"name": "leftarm",
			"from": [2.9, 11.5, 1.5],
			"to": [4.9, 13.5, 8.5],
			"rotation": {"angle": 0, "axis": "y", "origin": [4.9, 12.5, 8]},
			"faces": {
				"north": {"uv": [10.25, 7.25, 9.75, 7.75], "rotation": 180, "texture": "#1"},
				"east": {"uv": [1.25, 9.25, 1.75, 11], "rotation": 270, "texture": "#1"},
				"south": {"uv": [10.25, 7.25, 9.75, 6.75], "texture": "#1"},
				"west": {"uv": [2.25, 9.25, 2.75, 11], "rotation": 90, "texture": "#1"},
				"up": {"uv": [0.75, 9.25, 1.25, 11], "rotation": 180, "texture": "#1"},
				"down": {"uv": [1.75, 9.25, 2.25, 11], "texture": "#1"}
			}
		},
		{
			"name": "leftarmrobe",
			"from": [2, 10.5, 2.5],
			"to": [5, 14.5, 9.5],
			"rotation": {"angle": 0, "axis": "y", "origin": [5, 12.5, 8]},
			"faces": {
				"north": {"uv": [8, 9.75, 7.25, 10.75], "rotation": 180, "texture": "#1"},
				"east": {"uv": [6, 8, 7, 9.75], "rotation": 270, "texture": "#1"},
				"south": {"uv": [8.75, 7.75, 8, 6.75], "texture": "#1"},
				"west": {"uv": [7, 8, 8, 9.75], "rotation": 90, "texture": "#1"},
				"up": {"uv": [9, 9, 9.75, 10.75], "rotation": 180, "texture": "#1"},
				"down": {"uv": [9, 0, 9.75, 1.75], "texture": "#1"}
			}
		},
		{
			"name": "rightarm",
			"from": [11, 6, 7],
			"to": [13, 13, 9],
			"rotation": {"angle": 0, "axis": "y", "origin": [11, 14, 8]},
			"faces": {
				"north": {"uv": [2.75, 9.25, 3.25, 11], "texture": "#1"},
				"east": {"uv": [3.25, 9.25, 3.75, 11], "texture": "#1"},
				"south": {"uv": [3.75, 9.25, 4.25, 11], "texture": "#1"},
				"west": {"uv": [4.25, 9.25, 4.75, 11], "texture": "#1"},
				"up": {"uv": [10.25, 8.25, 9.75, 7.75], "texture": "#1"},
				"down": {"uv": [10.25, 9, 9.75, 9.5], "texture": "#1"}
			}
		},
		{
			"name": "rightarmrobe",
			"from": [11, 7, 6],
			"to": [14, 14, 10],
			"rotation": {"angle": 0, "axis": "y", "origin": [11, 14, 8]},
			"faces": {
				"north": {"uv": [9, 6.75, 9.75, 8.5], "texture": "#1"},
				"east": {"uv": [8, 8, 9, 9.75], "texture": "#1"},
				"south": {"uv": [0, 9.25, 0.75, 11], "texture": "#1"},
				"west": {"uv": [8, 0, 9, 1.75], "texture": "#1"},
				"up": {"uv": [8.75, 10.75, 8, 9.75], "texture": "#1"},
				"down": {"uv": [10.5, 9.75, 9.75, 10.75], "texture": "#1"}
			}
		},
		{
			"name": "head",
			"from": [5, 14, 5],
			"to": [11, 21, 11],
			"rotation": {"angle": 0, "axis": "y", "origin": [8, 14, 8]},
			"faces": {
				"north": {"uv": [0, 6, 1.5, 7.75], "texture": "#1"},
				"east": {"uv": [3, 6, 4.5, 7.75], "texture": "#1"},
				"south": {"uv": [1.5, 7.5, 3, 9.25], "texture": "#1"},
				"west": {"uv": [4.5, 7.5, 6, 9.25], "texture": "#1"},
				"up": {"uv": [3, 1.5, 1.5, 0], "texture": "#1"},
				"down": {"uv": [6, 3, 4.5, 4.5], "texture": "#1"}
			}
		},
		{
			"name": "nose",
			"from": [7.2, 13.5, 3.8],
			"to": [8.8, 16.5, 5],
			"rotation": {"angle": 0, "axis": "y", "origin": [8, 14, 8]},
			"faces": {
				"north": {"uv": [9.75, 0, 10.25, 0.75], "texture": "#1"},
				"east": {"uv": [8.75, 6.75, 9, 7.5], "texture": "#1"},
				"south": {"uv": [9.75, 0.75, 10.25, 1.5], "texture": "#1"},
				"west": {"uv": [8.75, 9.75, 9, 10.5], "texture": "#1"},
				"up": {"uv": [8.5, 8, 8, 7.75], "texture": "#1"},
				"down": {"uv": [9, 7.75, 8.5, 8], "texture": "#1"}
			}
		},
		{
			"name": "back",
			"from": [4, 15, 12],
			"to": [12, 22, 12],
			"rotation": {"angle": 0, "axis": "y", "origin": [8, 14, 8]},
			"faces": {
				"north": {"uv": [6, 2, 8, 3.75], "texture": "#1"},
				"east": {"uv": [0, 0, 0, 1.75], "texture": "#1"},
				"south": {"uv": [6, 3.75, 8, 5.5], "texture": "#1"},
				"west": {"uv": [0, 0, 0, 1.75], "texture": "#1"},
				"up": {"uv": [2, 0, 0, 0], "texture": "#1"},
				"down": {"uv": [2, 0, 0, 0], "texture": "#1"}
			}
		},
		{
			"name": "leftlow",
			"from": [4, 15, 9],
			"to": [4, 17, 12],
			"rotation": {"angle": 0, "axis": "y", "origin": [8, 14, 8]},
			"faces": {
				"north": {"uv": [0, 0, 0, 0.5], "texture": "#1"},
				"east": {"uv": [9.25, 6.25, 10, 6.75], "texture": "#1"},
				"south": {"uv": [0, 0, 0, 0.5], "texture": "#1"},
				"west": {"uv": [9.75, 1.5, 10.5, 2], "texture": "#1"},
				"up": {"uv": [0, 0.75, 0, 0], "texture": "#1"},
				"down": {"uv": [0, 0, 0, 0.75], "texture": "#1"}
			}
		},
		{
			"name": "rightlow",
			"from": [12, 15, 9],
			"to": [12, 17, 12],
			"rotation": {"angle": 0, "axis": "y", "origin": [8, 14, 8]},
			"faces": {
				"north": {"uv": [0, 0, 0, 0.5], "texture": "#1"},
				"east": {"uv": [9.75, 2, 10.5, 2.5], "texture": "#1"},
				"south": {"uv": [0, 0, 0, 0.5], "texture": "#1"},
				"west": {"uv": [9.75, 2.5, 10.5, 3], "texture": "#1"},
				"up": {"uv": [0, 0.75, 0, 0], "texture": "#1"},
				"down": {"uv": [0, 0, 0, 0.75], "texture": "#1"}
			}
		},
		{
			"name": "lefthigh",
			"from": [4, 20, 4],
			"to": [4, 22, 7],
			"rotation": {"angle": 0, "axis": "y", "origin": [8, 14, 8]},
			"faces": {
				"north": {"uv": [0, 0, 0, 0.5], "texture": "#1"},
				"east": {"uv": [9.75, 3, 10.5, 3.5], "texture": "#1"},
				"south": {"uv": [0, 0, 0, 0.5], "texture": "#1"},
				"west": {"uv": [9.75, 3.5, 10.5, 4], "texture": "#1"},
				"up": {"uv": [0, 0.75, 0, 0], "texture": "#1"},
				"down": {"uv": [0, 0, 0, 0.75], "texture": "#1"}
			}
		},
		{
			"name": "righthigh",
			"from": [12, 20, 4],
			"to": [12, 22, 7],
			"rotation": {"angle": 0, "axis": "y", "origin": [8, 14, 8]},
			"faces": {
				"north": {"uv": [0, 0, 0, 0.5], "texture": "#1"},
				"east": {"uv": [9.75, 4, 10.5, 4.5], "texture": "#1"},
				"south": {"uv": [0, 0, 0, 0.5], "texture": "#1"},
				"west": {"uv": [9.75, 4.5, 10.5, 5], "texture": "#1"},
				"up": {"uv": [0, 0.75, 0, 0], "texture": "#1"},
				"down": {"uv": [0, 0, 0, 0.75], "texture": "#1"}
			}
		},
		{
			"name": "left",
			"from": [4, 17, 7],
			"to": [4, 22, 12],
			"rotation": {"angle": 0, "axis": "y", "origin": [8, 14, 8]},
			"faces": {
				"north": {"uv": [0, 0, 0, 1.25], "texture": "#1"},
				"east": {"uv": [8, 1.75, 9.25, 3], "texture": "#1"},
				"south": {"uv": [0, 0, 0, 1.25], "texture": "#1"},
				"west": {"uv": [8, 3, 9.25, 4.25], "texture": "#1"},
				"up": {"uv": [0, 1.25, 0, 0], "texture": "#1"},
				"down": {"uv": [0, 0, 0, 1.25], "texture": "#1"}
			}
		},
		{
			"name": "right",
			"from": [12, 17, 7],
			"to": [12, 22, 12],
			"rotation": {"angle": 0, "axis": "y", "origin": [8, 14, 8]},
			"faces": {
				"north": {"uv": [0, 0, 0, 1.25], "texture": "#1"},
				"east": {"uv": [8, 4.25, 9.25, 5.5], "texture": "#1"},
				"south": {"uv": [0, 0, 0, 1.25], "texture": "#1"},
				"west": {"uv": [8, 5.5, 9.25, 6.75], "texture": "#1"},
				"up": {"uv": [0, 1.25, 0, 0], "texture": "#1"},
				"down": {"uv": [0, 0, 0, 1.25], "texture": "#1"}
			}
		},
		{
			"name": "top",
			"from": [4, 22, 4],
			"to": [12, 22, 12],
			"rotation": {"angle": 0, "axis": "y", "origin": [8, 14, 8]},
			"faces": {
				"north": {"uv": [0, 0, 2, 0], "texture": "#1"},
				"east": {"uv": [0, 0, 2, 0], "texture": "#1"},
				"south": {"uv": [0, 0, 2, 0], "texture": "#1"},
				"west": {"uv": [0, 0, 2, 0], "texture": "#1"},
				"up": {"uv": [8, 8, 6, 6], "texture": "#1"},
				"down": {"uv": [8, 0, 6, 2], "texture": "#1"}
			}
		},
		{
			"name": "front",
			"from": [4, 20, 4],
			"to": [12, 22, 4],
			"rotation": {"angle": 0, "axis": "y", "origin": [8, 14, 8]},
			"faces": {
				"north": {"uv": [6, 5.5, 8, 6], "texture": "#1"},
				"east": {"uv": [0, 0, 0, 0.5], "texture": "#1"},
				"south": {"uv": [9, 8.5, 11, 9], "texture": "#1"},
				"west": {"uv": [0, 0, 0, 0.5], "texture": "#1"},
				"up": {"uv": [2, 0, 0, 0], "texture": "#1"},
				"down": {"uv": [2, 0, 0, 0], "texture": "#1"}
			}
		},
		{
			"name": "faceblue",
			"from": [5, 14, 5],
			"to": [11, 21, 5],
			"rotation": {"angle": 0, "axis": "y", "origin": [8, 14, 8]},
			"faces": {
				"north": {"uv": [0, 11, 1.5, 12.75], "texture": "#1"},
				"east": {"uv": [3, 6, 4.5, 7.75], "texture": "#1"},
				"south": {"uv": [1.5, 7.5, 3, 9.25], "texture": "#1"},
				"west": {"uv": [4.5, 7.5, 6, 9.25], "texture": "#1"},
				"up": {"uv": [3, 1.5, 1.5, 0], "texture": "#1"},
				"down": {"uv": [6, 3, 4.5, 4.5], "texture": "#1"}
			}
		},
		{
			"name": "leftcastoutside",
			"from": [2.3, 11, -3.5],
			"to": [5.3, 14, -0.5],
			"rotation": {"angle": 22.5, "axis": "z", "origin": [3.8, 12.5, -2]},
			"faces": {
				"north": {"uv": [1.5, 11, 1.625, 11.125], "rotation": 180, "texture": "#1"},
				"east": {"uv": [1.5, 11, 1.625, 11.125], "rotation": 90, "texture": "#1"},
				"south": {"uv": [1.5, 11, 1.625, 11.125], "texture": "#1"},
				"west": {"uv": [1.5, 11, 1.625, 11.125], "rotation": 270, "texture": "#1"},
				"up": {"uv": [1.5, 11, 1.625, 11.125], "texture": "#1"},
				"down": {"uv": [1.5, 11, 1.625, 11.125], "rotation": 180, "texture": "#1"}
			}
		},
		{
			"name": "leftcastinside",
			"from": [1.8, 11.5, -3],
			"to": [5.8, 13.5, -1],
			"rotation": {"angle": 22.5, "axis": "z", "origin": [3.8, 12.5, -2]},
			"faces": {
				"north": {"uv": [1.625, 11.125, 1.875, 11.375], "rotation": 180, "texture": "#1"},
				"east": {"uv": [1.625, 11.125, 1.875, 11.375], "rotation": 90, "texture": "#1"},
				"south": {"uv": [1.625, 11.125, 1.875, 11.375], "texture": "#1"},
				"west": {"uv": [1.625, 11.125, 1.875, 11.375], "rotation": 270, "texture": "#1"},
				"up": {"uv": [1.625, 11.125, 1.875, 11.375], "texture": "#1"},
				"down": {"uv": [1.625, 11.125, 1.875, 11.375], "rotation": 180, "texture": "#1"}
			}
		},
		{
			"name": "leftcastinside2",
			"from": [2.8, 11.5, -4],
			"to": [4.8, 13.5, 0],
			"rotation": {"angle": 22.5, "axis": "z", "origin": [3.8, 12.5, -2]},
			"faces": {
				"north": {"uv": [1.625, 11.125, 1.875, 11.375], "rotation": 180, "texture": "#1"},
				"east": {"uv": [1.625, 11.125, 1.875, 11.375], "rotation": 90, "texture": "#1"},
				"south": {"uv": [1.625, 11.125, 1.875, 11.375], "texture": "#1"},
				"west": {"uv": [1.625, 11.125, 1.875, 11.375], "rotation": 270, "texture": "#1"},
				"up": {"uv": [1.625, 11.125, 1.875, 11.375], "texture": "#1"},
				"down": {"uv": [1.625, 11.125, 1.875, 11.375], "rotation": 180, "texture": "#1"}
			}
		},
		{
			"name": "leftcastinside3",
			"from": [2.8, 10.5, -3],
			"to": [4.8, 14.5, -1],
			"rotation": {"angle": 22.5, "axis": "z", "origin": [3.8, 12.5, -2]},
			"faces": {
				"north": {"uv": [1.625, 11.125, 1.875, 11.375], "rotation": 180, "texture": "#1"},
				"east": {"uv": [1.625, 11.125, 1.875, 11.375], "rotation": 90, "texture": "#1"},
				"south": {"uv": [1.625, 11.125, 1.875, 11.375], "texture": "#1"},
				"west": {"uv": [1.625, 11.125, 1.875, 11.375], "rotation": 270, "texture": "#1"},
				"up": {"uv": [1.625, 11.125, 1.875, 11.375], "texture": "#1"},
				"down": {"uv": [1.625, 11.125, 1.875, 11.375], "rotation": 180, "texture": "#1"}
			}
		},
		{
			"name": "front",
			"from": [5, 2, 5],
			"to": [11, 14, 5],
			"rotation": {"angle": 0, "axis": "y", "origin": [8, 14, 8]},
			"faces": {
				"north": {"uv": [0, 0, 1.5, 3], "texture": "#1"},
				"east": {"uv": [0, 0, 0, 3], "texture": "#1"},
				"south": {"uv": [1.5, 1.5, 3, 4.5], "texture": "#1"},
				"west": {"uv": [0, 0, 0, 3], "texture": "#1"},
				"up": {"uv": [1.5, 0, 0, 0], "texture": "#1"},
				"down": {"uv": [1.5, 0, 0, 0], "texture": "#1"}
			}
		},
		{
			"name": "back",
			"from": [5, 2, 11],
			"to": [11, 14, 11],
			"rotation": {"angle": 0, "axis": "y", "origin": [8, 14, 11]},
			"faces": {
				"north": {"uv": [0, 3, 1.5, 6], "texture": "#1"},
				"east": {"uv": [0, 0, 0, 3], "texture": "#1"},
				"south": {"uv": [3, 3, 4.5, 6], "texture": "#1"},
				"west": {"uv": [0, 0, 0, 3], "texture": "#1"},
				"up": {"uv": [1.5, 0, 0, 0], "texture": "#1"},
				"down": {"uv": [1.5, 0, 0, 0], "texture": "#1"}
			}
		},
		{
			"name": "left",
			"from": [5, 2, 5],
			"to": [5, 14, 11],
			"rotation": {"angle": 0, "axis": "y", "origin": [5, 14, 8]},
			"faces": {
				"north": {"uv": [0, 0, 0, 3], "texture": "#1"},
				"east": {"uv": [3, 0, 4.5, 3], "texture": "#1"},
				"south": {"uv": [0, 0, 0, 3], "texture": "#1"},
				"west": {"uv": [1.5, 4.5, 3, 7.5], "texture": "#1"},
				"up": {"uv": [0, 1.5, 0, 0], "texture": "#1"},
				"down": {"uv": [0, 0, 0, 1.5], "texture": "#1"}
			}
		},
		{
			"name": "right",
			"from": [11, 2, 5],
			"to": [11, 14, 11],
			"rotation": {"angle": 0, "axis": "y", "origin": [11, 14, 8]},
			"faces": {
				"north": {"uv": [0, 0, 0, 3], "texture": "#1"},
				"east": {"uv": [4.5, 4.5, 6, 7.5], "texture": "#1"},
				"south": {"uv": [0, 0, 0, 3], "texture": "#1"},
				"west": {"uv": [4.5, 0, 6, 3], "texture": "#1"},
				"up": {"uv": [0, 1.5, 0, 0], "texture": "#1"},
				"down": {"uv": [0, 0, 0, 1.5], "texture": "#1"}
			}
		},
		{
			"name": "pantaloons",
			"from": [5, 5, 5],
			"to": [11, 5, 11],
			"rotation": {"angle": 0, "axis": "y", "origin": [8, 5, 8]},
			"faces": {
				"north": {"uv": [0, 0, 1.5, 0], "texture": "#1"},
				"east": {"uv": [0, 0, 1.5, 0], "texture": "#1"},
				"south": {"uv": [0, 0, 1.5, 0], "texture": "#1"},
				"west": {"uv": [0, 0, 1.5, 0], "texture": "#1"},
				"up": {"uv": [1.5, 9.25, 0, 7.75], "texture": "#1"},
				"down": {"uv": [4.5, 7.75, 3, 9.25], "texture": "#1"}
			}
		}
	],
	"display": {
		"thirdperson_righthand": {
			"rotation": [0, 90, 55],
			"translation": [0, 4, 2.5],
			"scale": [0.85, 0.85, 0.85]
		},
		"ground": {
			"rotation": [90, -180, 0],
			"translation": [80, 0, 0],
			"scale": [4, -1, 1]
		},
		"head": {
			"translation": [0, -21, 0],
			"scale": [3, 3, 3]
		}
	},
	"groups": [
		{
			"name": "body",
			"origin": [13, 13, 8],
			"children": [0, 1,
				{
					"name": "leftarm",
					"origin": [9, 11, 15],
					"children": [2, 3]
				},
				{
					"name": "rightarm",
					"origin": [8, 8, 8],
					"children": [4, 5]
				},
				{
					"name": "head",
					"origin": [8, 14, 8],
					"children": [6, 7,
						{
							"name": "hood",
							"origin": [12, 23, 20],
							"children": [8, 9, 10, 11, 12, 13, 14, 15, 16]
						}
					]
				}
			]
		},
		{
			"name": "casting",
			"origin": [9, 11, 15],
			"children": [17,
				{
					"name": "leftcast",
					"origin": [18, 22, 18],
					"children": [18, 19, 20, 21]
				},
				{
					"name": "rightcast",
					"origin": [18, 22, 18],
					"children": [22, 22, 22, 22]
				}
			]
		},
		{
			"name": "robe",
			"origin": [13, 10, 13],
			"children": [22, 23, 24, 25, 26]
		}
	]
}