{
	"credit": "Made with Blockbench",
	"texture_size": [32, 32],
	"textures": {
		"0": "item/carrot_on_a_stick/unformed",
		"particle": "item/carrot_on_a_stick/unformed"
	},
	"elements": [
		{
			"from": [7, 8, 6],
			"to": [9, 9, 7],
			"rotation": {"angle": 0, "axis": "y", "origin": [14, 16, 14]},
			"faces": {
				"north": {"uv": [0.5, 3.5, 1.5, 4], "texture": "#0"},
				"east": {"uv": [0, 3.5, 0.5, 4], "texture": "#0"},
				"south": {"uv": [2, 3.5, 3, 4], "texture": "#0"},
				"west": {"uv": [1.5, 3.5, 2, 4], "texture": "#0"},
				"up": {"uv": [1.5, 3.5, 0.5, 3], "texture": "#0"},
				"down": {"uv": [2.5, 3, 1.5, 3.5], "texture": "#0"}
			}
		},
		{
			"from": [7, 11, 6],
			"to": [9, 12, 7],
			"rotation": {"angle": 0, "axis": "y", "origin": [14, 19, 14]},
			"faces": {
				"north": {"uv": [0.5, 2.5, 1.5, 3], "texture": "#0"},
				"east": {"uv": [0, 2.5, 0.5, 3], "texture": "#0"},
				"south": {"uv": [2, 2.5, 3, 3], "texture": "#0"},
				"west": {"uv": [1.5, 2.5, 2, 3], "texture": "#0"},
				"up": {"uv": [1.5, 2.5, 0.5, 2], "texture": "#0"},
				"down": {"uv": [2.5, 2, 1.5, 2.5], "texture": "#0"}
			}
		},
		{
			"from": [6, 9, 6],
			"to": [7, 11, 7],
			"rotation": {"angle": 0, "axis": "y", "origin": [14, 19, 14]},
			"faces": {
				"north": {"uv": [7, 2, 7.5, 3], "texture": "#0"},
				"east": {"uv": [6.5, 2, 7, 3], "texture": "#0"},
				"south": {"uv": [8, 2, 8.5, 3], "texture": "#0"},
				"west": {"uv": [7.5, 2, 8, 3], "texture": "#0"},
				"up": {"uv": [7.5, 2, 7, 1.5], "texture": "#0"},
				"down": {"uv": [8, 1.5, 7.5, 2], "texture": "#0"}
			}
		},
		{
			"from": [6, 9, 9],
			"to": [7, 11, 10],
			"rotation": {"angle": 0, "axis": "y", "origin": [14, 19, 17]},
			"faces": {
				"north": {"uv": [6.5, 4, 7, 5], "texture": "#0"},
				"east": {"uv": [6, 4, 6.5, 5], "texture": "#0"},
				"south": {"uv": [7.5, 4, 8, 5], "texture": "#0"},
				"west": {"uv": [7, 4, 7.5, 5], "texture": "#0"},
				"up": {"uv": [7, 4, 6.5, 3.5], "texture": "#0"},
				"down": {"uv": [7.5, 3.5, 7, 4], "texture": "#0"}
			}
		},
		{
			"from": [9, 9, 6],
			"to": [10, 11, 7],
			"rotation": {"angle": 0, "axis": "y", "origin": [17, 19, 14]},
			"faces": {
				"north": {"uv": [6.5, 6.5, 7, 7.5], "texture": "#0"},
				"east": {"uv": [6, 6.5, 6.5, 7.5], "texture": "#0"},
				"south": {"uv": [7.5, 6.5, 8, 7.5], "texture": "#0"},
				"west": {"uv": [7, 6.5, 7.5, 7.5], "texture": "#0"},
				"up": {"uv": [7, 6.5, 6.5, 6], "texture": "#0"},
				"down": {"uv": [7.5, 6, 7, 6.5], "texture": "#0"}
			}
		},
		{
			"from": [9, 9, 9],
			"to": [10, 11, 10],
			"rotation": {"angle": 0, "axis": "y", "origin": [17, 19, 17]},
			"faces": {
				"north": {"uv": [0.5, 6.5, 1, 7.5], "texture": "#0"},
				"east": {"uv": [0, 6.5, 0.5, 7.5], "texture": "#0"},
				"south": {"uv": [1.5, 6.5, 2, 7.5], "texture": "#0"},
				"west": {"uv": [1, 6.5, 1.5, 7.5], "texture": "#0"},
				"up": {"uv": [1, 6.5, 0.5, 6], "texture": "#0"},
				"down": {"uv": [1.5, 6, 1, 6.5], "texture": "#0"}
			}
		},
		{
			"from": [7, 8, 9],
			"to": [9, 9, 10],
			"rotation": {"angle": 0, "axis": "y", "origin": [14, 16, 17]},
			"faces": {
				"north": {"uv": [0.5, 1.5, 1.5, 2], "texture": "#0"},
				"east": {"uv": [0, 1.5, 0.5, 2], "texture": "#0"},
				"south": {"uv": [2, 1.5, 3, 2], "texture": "#0"},
				"west": {"uv": [1.5, 1.5, 2, 2], "texture": "#0"},
				"up": {"uv": [1.5, 1.5, 0.5, 1], "texture": "#0"},
				"down": {"uv": [2.5, 1, 1.5, 1.5], "texture": "#0"}
			}
		},
		{
			"from": [7, 11, 9],
			"to": [9, 12, 10],
			"rotation": {"angle": 0, "axis": "y", "origin": [14, 19, 17]},
			"faces": {
				"north": {"uv": [0.5, 0.5, 1.5, 1], "texture": "#0"},
				"east": {"uv": [0, 0.5, 0.5, 1], "texture": "#0"},
				"south": {"uv": [2, 0.5, 3, 1], "texture": "#0"},
				"west": {"uv": [1.5, 0.5, 2, 1], "texture": "#0"},
				"up": {"uv": [1.5, 0.5, 0.5, 0], "texture": "#0"},
				"down": {"uv": [2.5, 0, 1.5, 0.5], "texture": "#0"}
			}
		},
		{
			"from": [6, 8, 7],
			"to": [7, 9, 9],
			"rotation": {"angle": 0, "axis": "y", "origin": [14, 16, 15]},
			"faces": {
				"north": {"uv": [4, 6.5, 4.5, 7], "texture": "#0"},
				"east": {"uv": [3, 6.5, 4, 7], "texture": "#0"},
				"south": {"uv": [5.5, 6.5, 6, 7], "texture": "#0"},
				"west": {"uv": [4.5, 6.5, 5.5, 7], "texture": "#0"},
				"up": {"uv": [4.5, 6.5, 4, 5.5], "texture": "#0"},
				"down": {"uv": [5, 5.5, 4.5, 6.5], "texture": "#0"}
			}
		},
		{
			"from": [6, 11, 7],
			"to": [7, 12, 9],
			"rotation": {"angle": 0, "axis": "y", "origin": [14, 19, 15]},
			"faces": {
				"north": {"uv": [5.5, 3, 6, 3.5], "texture": "#0"},
				"east": {"uv": [4.5, 3, 5.5, 3.5], "texture": "#0"},
				"south": {"uv": [7, 3, 7.5, 3.5], "texture": "#0"},
				"west": {"uv": [6, 3, 7, 3.5], "texture": "#0"},
				"up": {"uv": [6, 3, 5.5, 2], "texture": "#0"},
				"down": {"uv": [6.5, 2, 6, 3], "texture": "#0"}
			}
		},
		{
			"from": [9, 11, 7],
			"to": [10, 12, 9],
			"rotation": {"angle": 0, "axis": "y", "origin": [17, 19, 15]},
			"faces": {
				"north": {"uv": [5.5, 1, 6, 1.5], "texture": "#0"},
				"east": {"uv": [4.5, 1, 5.5, 1.5], "texture": "#0"},
				"south": {"uv": [7, 1, 7.5, 1.5], "texture": "#0"},
				"west": {"uv": [6, 1, 7, 1.5], "texture": "#0"},
				"up": {"uv": [6, 1, 5.5, 0], "texture": "#0"},
				"down": {"uv": [6.5, 0, 6, 1], "texture": "#0"}
			}
		},
		{
			"from": [9, 8, 7],
			"to": [10, 9, 9],
			"rotation": {"angle": 0, "axis": "y", "origin": [17, 16, 15]},
			"faces": {
				"north": {"uv": [5, 5, 5.5, 5.5], "texture": "#0"},
				"east": {"uv": [4, 5, 5, 5.5], "texture": "#0"},
				"south": {"uv": [6.5, 5, 7, 5.5], "texture": "#0"},
				"west": {"uv": [5.5, 5, 6.5, 5.5], "texture": "#0"},
				"up": {"uv": [5.5, 5, 5, 4], "texture": "#0"},
				"down": {"uv": [6, 4, 5.5, 5], "texture": "#0"}
			}
		},
		{
			"name": "inside",
			"from": [7, 9, 7],
			"to": [9, 11, 9],
			"rotation": {"angle": 0, "axis": "y", "origin": [15, 17, 15]},
			"faces": {
				"north": {"uv": [1, 5, 2, 6], "texture": "#0"},
				"east": {"uv": [0, 5, 1, 6], "texture": "#0"},
				"south": {"uv": [3, 5, 4, 6], "texture": "#0"},
				"west": {"uv": [2, 5, 3, 6], "texture": "#0"},
				"up": {"uv": [2, 5, 1, 4], "texture": "#0"},
				"down": {"uv": [3, 4, 2, 5], "texture": "#0"}
			}
		}
	],
	"display": {
		"thirdperson_righthand": {
			"translation": [0, 1, 1]
		},
		"thirdperson_lefthand": {
			"translation": [0, 1, 1]
		},
		"firstperson_righthand": {
			"rotation": [0, -90, 25],
			"translation": [1.13, 3.2, 1.13]
		},
		"firstperson_lefthand": {
			"rotation": [0, -90, 25],
			"translation": [1.13, 3.2, 1.13]
		},
		"gui": {
			"rotation": [30, 225, 0],
			"translation": [0, -3, 0],
			"scale": [2, 2, 2]
		},
		"head": {
			"translation": [0, -8, 0],
			"scale": [4, 4, 4]
		},
		"fixed": {
			"translation": [0, -4.25, -1],
			"scale": [2, 2, 2]
		}
	},
	"groups": [
		{
			"name": "cage",
			"origin": [8, 8, 8],
			"children": [0, 1, 2, 3, 4, 5, 6, 7, 8, 9, 10, 11]
		}, 12]
}