{
    "criteria": {
      "requirement": {
        "trigger": "minecraft:player_hurt_entity",
        "conditions": {
          "player": [
            {
              "condition": "minecraft:entity_properties",
              "entity": "this",
              "predicate": {}
            }
          ],
          "entity": [
            {
              "condition": "minecraft:entity_properties",
              "entity": "this",
              "predicate": {
                "type": "minecraft:wither_skeleton",
                "nbt": "{Tags:[\"hitbox\",\"sorcerer\"]}"
              }
            }
          ]
        }
      }
    },
    "rewards": {
      "function": "sorcerer:player_dealt_damage"
    }
  }
  