{
	"credit": "Made with Blockbench",
	"textures": {
		"0": "item/structure_block/essencefight",
		"particle": "item/structure_block/essencefight"
	},
	"elements": [
		{
			"name": "soul2",
			"from": [6, 0, 7],
			"to": [10, 6, 8],
			"rotation": {"angle": 45, "axis": "z", "origin": [8, 8, 8]},
			"faces": {
				"north": {"uv": [0, 0, 4, 6], "texture": "#0"},
				"east": {"uv": [8, 8, 9, 14], "texture": "#0"},
				"south": {"uv": [4, 4, 8, 10], "texture": "#0"},
				"west": {"uv": [8, 0, 9, 6], "texture": "#0"},
				"up": {"uv": [13, 5, 9, 4], "texture": "#0"},
				"down": {"uv": [13, 5, 9, 6], "texture": "#0"}
			}
		},
		{
			"name": "soul3",
			"from": [10, 1, 7],
			"to": [11, 5, 8],
			"rotation": {"angle": 45, "axis": "z", "origin": [8, 8, 8]},
			"faces": {
				"north": {"uv": [0, 10, 1, 14], "texture": "#0"},
				"east": {"uv": [1, 10, 2, 14], "texture": "#0"},
				"south": {"uv": [2, 10, 3, 14], "texture": "#0"},
				"west": {"uv": [3, 10, 4, 14], "texture": "#0"},
				"up": {"uv": [10, 9, 9, 8], "texture": "#0"},
				"down": {"uv": [11, 10, 10, 11], "texture": "#0"}
			}
		},
		{
			"name": "soul4",
			"from": [5, 1, 7],
			"to": [6, 5, 8],
			"rotation": {"angle": 45, "axis": "z", "origin": [8, 8, 8]},
			"faces": {
				"north": {"uv": [4, 10, 5, 14], "texture": "#0"},
				"east": {"uv": [5, 10, 6, 14], "texture": "#0"},
				"south": {"uv": [6, 10, 7, 14], "texture": "#0"},
				"west": {"uv": [7, 10, 8, 14], "texture": "#0"},
				"up": {"uv": [11, 1, 10, 0], "texture": "#0"},
				"down": {"uv": [11, 1, 10, 2], "texture": "#0"}
			}
		},
		{
			"from": [10, 9, 7],
			"to": [11, 10, 8],
			"rotation": {"angle": 45, "axis": "z", "origin": [10.5, 9.5, 7.5]},
			"faces": {
				"north": {"uv": [10, 2, 11, 3], "texture": "#0"},
				"east": {"uv": [10, 3, 11, 4], "texture": "#0"},
				"south": {"uv": [10, 8, 11, 9], "texture": "#0"},
				"west": {"uv": [10, 9, 11, 10], "texture": "#0"},
				"up": {"uv": [11, 12, 10, 11], "texture": "#0"},
				"down": {"uv": [12, 11, 11, 12], "texture": "#0"}
			}
		},
		{
			"from": [8, 10, 7],
			"to": [9, 11, 8],
			"rotation": {"angle": 45, "axis": "z", "origin": [8.5, 10.5, 7.5]},
			"faces": {
				"north": {"uv": [11, 0, 12, 1], "texture": "#0"},
				"east": {"uv": [11, 1, 12, 2], "texture": "#0"},
				"south": {"uv": [11, 2, 12, 3], "texture": "#0"},
				"west": {"uv": [11, 3, 12, 4], "texture": "#0"},
				"up": {"uv": [12, 9, 11, 8], "texture": "#0"},
				"down": {"uv": [12, 9, 11, 10], "texture": "#0"}
			}
		},
		{
			"from": [8, 8, 7],
			"to": [9, 9, 8],
			"rotation": {"angle": 45, "axis": "z", "origin": [8.5, 8.5, 7.5]},
			"faces": {
				"north": {"uv": [11, 10, 12, 11], "texture": "#0"},
				"east": {"uv": [10, 12, 11, 13], "texture": "#0"},
				"south": {"uv": [11, 12, 12, 13], "texture": "#0"},
				"west": {"uv": [12, 12, 13, 13], "texture": "#0"},
				"up": {"uv": [13, 1, 12, 0], "texture": "#0"},
				"down": {"uv": [13, 1, 12, 2], "texture": "#0"}
			}
		},
		{
			"from": [6, 8, 7],
			"to": [7, 9, 8],
			"rotation": {"angle": 45, "axis": "z", "origin": [6.5, 8.5, 7.5]},
			"faces": {
				"north": {"uv": [12, 2, 13, 3], "texture": "#0"},
				"east": {"uv": [12, 3, 13, 4], "texture": "#0"},
				"south": {"uv": [12, 6, 13, 7], "texture": "#0"},
				"west": {"uv": [12, 7, 13, 8], "texture": "#0"},
				"up": {"uv": [13, 9, 12, 8], "texture": "#0"},
				"down": {"uv": [13, 9, 12, 10], "texture": "#0"}
			}
		},
		{
			"from": [6, 10, 7],
			"to": [7, 11, 8],
			"rotation": {"angle": 45, "axis": "z", "origin": [6.5, 10.5, 7.5]},
			"faces": {
				"north": {"uv": [12, 10, 13, 11], "texture": "#0"},
				"east": {"uv": [12, 11, 13, 12], "texture": "#0"},
				"south": {"uv": [9, 13, 10, 14], "texture": "#0"},
				"west": {"uv": [10, 13, 11, 14], "texture": "#0"},
				"up": {"uv": [12, 14, 11, 13], "texture": "#0"},
				"down": {"uv": [13, 13, 12, 14], "texture": "#0"}
			}
		},
		{
			"from": [7, 6, 7],
			"to": [8, 7, 8],
			"rotation": {"angle": 45, "axis": "z", "origin": [7.5, 6.5, 7.5]},
			"faces": {
				"north": {"uv": [13, 13, 14, 14], "texture": "#0"},
				"east": {"uv": [13, 0, 14, 1], "texture": "#0"},
				"south": {"uv": [13, 1, 14, 2], "texture": "#0"},
				"west": {"uv": [13, 2, 14, 3], "texture": "#0"},
				"up": {"uv": [14, 4, 13, 3], "texture": "#0"},
				"down": {"uv": [14, 4, 13, 5], "texture": "#0"}
			}
		},
		{
			"name": "base",
			"from": [6, 1, 6.975],
			"to": [10, 5, 8.025],
			"rotation": {"angle": 45, "axis": "z", "origin": [8, 8, 8]},
			"faces": {
				"north": {"uv": [4, 0, 8, 4], "texture": "#0"},
				"east": {"uv": [9, 9, 10, 13], "texture": "#0"},
				"south": {"uv": [0, 6, 4, 10], "texture": "#0"},
				"west": {"uv": [9, 0, 10, 4], "texture": "#0"},
				"up": {"uv": [12, 7, 8, 6], "texture": "#0"},
				"down": {"uv": [12, 7, 8, 8], "texture": "#0"}
			}
		}
	],
	"display": {
		"thirdperson_righthand": {
			"rotation": [115, 0, 135],
			"translation": [-6, 2, 1.75],
			"scale": [0.85, 0.85, 0.85]
		},
		"thirdperson_lefthand": {
			"rotation": [115, 0, -135],
			"translation": [-6, 2, 1.75],
			"scale": [0.85, 0.85, 0.85]
		},
		"firstperson_righthand": {
			"rotation": [41, 0, 135],
			"translation": [-9, 1.75, 3],
			"scale": [0.68, 0.68, 0.68]
		},
		"firstperson_lefthand": {
			"rotation": [41, 0, -135],
			"translation": [-9, 1.75, 3],
			"scale": [0.68, 0.68, 0.68]
		},
		"ground": {
			"translation": [-3, 4, 0],
			"scale": [0.8, 0.8, 0.5]
		},
		"gui": {
			"rotation": [0, 0, -90],
			"translation": [2.75, 2.75, 0],
			"scale": [1.4, 1.4, 1.4]
		},
		"fixed": {
			"translation": [-5, 3.75, 0],
			"scale": [1.48, 1.5, 1.5]
		}
	},
	"groups": [
		{
			"name": "soul",
			"origin": [8, 8, 8],
			"children": [0, 1, 2]
		},
		{
			"name": "aura",
			"origin": [8, 8, 8],
			"children": [3, 4, 5, 6, 7, 8]
		}, 9]
}