{
	"credit": "Made with Blockbench",
	"texture_size": [64, 64],
	"textures": {
		"0": "item/cod_spawn_egg/augtable",
		"particle": "item/cod_spawn_egg/augtable"
	},
	"elements": [
		{
			"from": [0, 0, 0],
			"to": [16, 16, 16],
			"rotation": {"angle": 0, "axis": "y", "origin": [7.9, 8, 8]},
			"faces": {
				"north": {"uv": [0, 0, 4, 4], "texture": "#0"},
				"east": {"uv": [0, 4, 4, 8], "texture": "#0"},
				"south": {"uv": [4, 4, 8, 8], "texture": "#0"},
				"west": {"uv": [4, 0, 8, 4], "texture": "#0"},
				"up": {"uv": [4, 12, 0, 8], "texture": "#0"},
				"down": {"uv": [8, 8, 4, 12], "texture": "#0"}
			}
		},
		{
			"from": [2, 16, 2],
			"to": [3, 18, 3],
			"rotation": {"angle": 0, "axis": "y", "origin": [10, 24, 10]},
			"faces": {
				"north": {"uv": [9.75, 1, 10, 1.5], "texture": "#0"},
				"east": {"uv": [9.75, 1.5, 10, 2], "texture": "#0"},
				"south": {"uv": [9.75, 7.25, 10, 7.75], "texture": "#0"},
				"west": {"uv": [8.5, 10, 8.75, 10.5], "texture": "#0"},
				"up": {"uv": [10.25, 5.75, 10, 5.5], "texture": "#0"},
				"down": {"uv": [10.25, 6.5, 10, 6.75], "texture": "#0"}
			}
		},
		{
			"from": [3, 18, 3],
			"to": [4, 19, 4],
			"rotation": {"angle": 0, "axis": "y", "origin": [11, 26, 11]},
			"faces": {
				"north": {"uv": [10, 6.75, 10.25, 7], "texture": "#0"},
				"east": {"uv": [10, 7.25, 10.25, 7.5], "texture": "#0"},
				"south": {"uv": [10, 7.5, 10.25, 7.75], "texture": "#0"},
				"west": {"uv": [10, 8, 10.25, 8.25], "texture": "#0"},
				"up": {"uv": [10.25, 8.5, 10, 8.25], "texture": "#0"},
				"down": {"uv": [10.25, 8.5, 10, 8.75], "texture": "#0"}
			}
		},
		{
			"from": [2, 19, 4],
			"to": [3, 20, 5],
			"rotation": {"angle": 0, "axis": "y", "origin": [10, 27, 12]},
			"faces": {
				"north": {"uv": [10, 8.75, 10.25, 9], "texture": "#0"},
				"east": {"uv": [10, 9, 10.25, 9.25], "texture": "#0"},
				"south": {"uv": [10, 9.5, 10.25, 9.75], "texture": "#0"},
				"west": {"uv": [10, 9.75, 10.25, 10], "texture": "#0"},
				"up": {"uv": [8.25, 10.5, 8, 10.25], "texture": "#0"},
				"down": {"uv": [8.5, 10.25, 8.25, 10.5], "texture": "#0"}
			}
		},
		{
			"from": [4, 19, 4],
			"to": [5, 20, 5],
			"rotation": {"angle": 0, "axis": "y", "origin": [12, 27, 12]},
			"faces": {
				"north": {"uv": [9.25, 10.25, 9.5, 10.5], "texture": "#0"},
				"east": {"uv": [9.5, 10.25, 9.75, 10.5], "texture": "#0"},
				"south": {"uv": [9.75, 10.25, 10, 10.5], "texture": "#0"},
				"west": {"uv": [10, 10.25, 10.25, 10.5], "texture": "#0"},
				"up": {"uv": [10.5, 10.5, 10.25, 10.25], "texture": "#0"},
				"down": {"uv": [10.5, 2, 10.25, 2.25], "texture": "#0"}
			}
		},
		{
			"from": [4, 19, 2],
			"to": [5, 20, 3],
			"rotation": {"angle": 0, "axis": "y", "origin": [12, 27, 10]},
			"faces": {
				"north": {"uv": [10.25, 2.25, 10.5, 2.5], "texture": "#0"},
				"east": {"uv": [10.25, 2.5, 10.5, 2.75], "texture": "#0"},
				"south": {"uv": [10.25, 2.75, 10.5, 3], "texture": "#0"},
				"west": {"uv": [10.25, 3.25, 10.5, 3.5], "texture": "#0"},
				"up": {"uv": [10.5, 3.75, 10.25, 3.5], "texture": "#0"},
				"down": {"uv": [10.5, 3.75, 10.25, 4], "texture": "#0"}
			}
		},
		{
			"from": [2, 20, 2],
			"to": [5, 21, 5],
			"rotation": {"angle": 0, "axis": "y", "origin": [11, 28, 11]},
			"faces": {
				"north": {"uv": [9.25, 3.25, 10, 3.5], "texture": "#0"},
				"east": {"uv": [9.25, 3.5, 10, 3.75], "texture": "#0"},
				"south": {"uv": [9.25, 3.75, 10, 4], "texture": "#0"},
				"west": {"uv": [9.25, 4, 10, 4.25], "texture": "#0"},
				"up": {"uv": [8.75, 4, 8, 3.25], "texture": "#0"},
				"down": {"uv": [8.75, 4, 8, 4.75], "texture": "#0"}
			}
		},
		{
			"from": [2, 19, 5],
			"to": [5, 20, 6],
			"rotation": {"angle": 0, "axis": "y", "origin": [11, 27, 14]},
			"faces": {
				"north": {"uv": [9.25, 4.25, 10, 4.5], "texture": "#0"},
				"east": {"uv": [10.25, 4, 10.5, 4.25], "texture": "#0"},
				"south": {"uv": [9.25, 4.5, 10, 4.75], "texture": "#0"},
				"west": {"uv": [10.25, 4.25, 10.5, 4.5], "texture": "#0"},
				"up": {"uv": [10, 5, 9.25, 4.75], "texture": "#0"},
				"down": {"uv": [10, 5, 9.25, 5.25], "texture": "#0"}
			}
		},
		{
			"from": [5, 19, 2],
			"to": [6, 20, 5],
			"rotation": {"angle": 0, "axis": "y", "origin": [15, 27, 12]},
			"faces": {
				"north": {"uv": [10.25, 4.5, 10.5, 4.75], "texture": "#0"},
				"east": {"uv": [9.25, 5.25, 10, 5.5], "texture": "#0"},
				"south": {"uv": [10.25, 4.75, 10.5, 5], "texture": "#0"},
				"west": {"uv": [9.25, 5.5, 10, 5.75], "texture": "#0"},
				"up": {"uv": [9, 6, 8.75, 5.25], "texture": "#0"},
				"down": {"uv": [9.5, 5.75, 9.25, 6.5], "texture": "#0"}
			}
		},
		{
			"from": [2, 19, 1],
			"to": [5, 20, 2],
			"rotation": {"angle": 0, "axis": "y", "origin": [14, 27, 9]},
			"faces": {
				"north": {"uv": [9.25, 6.5, 10, 6.75], "texture": "#0"},
				"east": {"uv": [10.25, 5, 10.5, 5.25], "texture": "#0"},
				"south": {"uv": [9.25, 6.75, 10, 7], "texture": "#0"},
				"west": {"uv": [10.25, 5.25, 10.5, 5.5], "texture": "#0"},
				"up": {"uv": [10, 8.25, 9.25, 8], "texture": "#0"},
				"down": {"uv": [10, 8.25, 9.25, 8.5], "texture": "#0"}
			}
		},
		{
			"from": [1, 19, 2],
			"to": [2, 20, 5],
			"rotation": {"angle": 0, "axis": "y", "origin": [11, 27, 10]},
			"faces": {
				"north": {"uv": [10.25, 5.5, 10.5, 5.75], "texture": "#0"},
				"east": {"uv": [9.25, 8.5, 10, 8.75], "texture": "#0"},
				"south": {"uv": [10.25, 5.75, 10.5, 6], "texture": "#0"},
				"west": {"uv": [9.25, 8.75, 10, 9], "texture": "#0"},
				"up": {"uv": [8.25, 10.25, 8, 9.5], "texture": "#0"},
				"down": {"uv": [8.5, 9.5, 8.25, 10.25], "texture": "#0"}
			}
		},
		{
			"from": [3, 16, 11],
			"to": [5, 20, 13],
			"rotation": {"angle": 0, "axis": "y", "origin": [10, 24, 20]},
			"faces": {
				"north": {"uv": [8, 6.25, 8.5, 7.25], "texture": "#0"},
				"east": {"uv": [8.5, 6.25, 9, 7.25], "texture": "#0"},
				"south": {"uv": [8.75, 3.25, 9.25, 4.25], "texture": "#0"},
				"west": {"uv": [8.75, 4.25, 9.25, 5.25], "texture": "#0"},
				"up": {"uv": [9.75, 1.5, 9.25, 1], "texture": "#0"},
				"down": {"uv": [9.75, 1.5, 9.25, 2], "texture": "#0"}
			}
		},
		{
			"from": [3.5, 20.5, 11.5],
			"to": [4.5, 21.5, 12.5],
			"rotation": {"angle": 45, "axis": "y", "origin": [4, 21, 12]},
			"faces": {
				"north": {"uv": [10.25, 6, 10.5, 6.25], "texture": "#0"},
				"east": {"uv": [10.25, 6.25, 10.5, 6.5], "texture": "#0"},
				"south": {"uv": [10.25, 6.5, 10.5, 6.75], "texture": "#0"},
				"west": {"uv": [10.25, 6.75, 10.5, 7], "texture": "#0"},
				"up": {"uv": [10.5, 7.5, 10.25, 7.25], "texture": "#0"},
				"down": {"uv": [10.5, 7.5, 10.25, 7.75], "texture": "#0"}
			}
		},
		{
			"from": [10, 16, 1],
			"to": [15, 17, 6],
			"rotation": {"angle": 0, "axis": "y", "origin": [22, 24, 9]},
			"faces": {
				"north": {"uv": [9.25, 0, 10.5, 0.25], "texture": "#0"},
				"east": {"uv": [9.25, 0.25, 10.5, 0.5], "texture": "#0"},
				"south": {"uv": [9.25, 0.5, 10.5, 0.75], "texture": "#0"},
				"west": {"uv": [9.25, 0.75, 10.5, 1], "texture": "#0"},
				"up": {"uv": [9.25, 9.25, 8, 8], "texture": "#0"},
				"down": {"uv": [9.25, 0, 8, 1.25], "texture": "#0"}
			}
		},
		{
			"from": [11, 17, 1],
			"to": [15, 18, 5],
			"rotation": {"angle": 0, "axis": "y", "origin": [21, 25, 10]},
			"faces": {
				"north": {"uv": [9.25, 2, 10.25, 2.25], "texture": "#0"},
				"east": {"uv": [9.25, 2.25, 10.25, 2.5], "texture": "#0"},
				"south": {"uv": [9.25, 2.5, 10.25, 2.75], "texture": "#0"},
				"west": {"uv": [9.25, 2.75, 10.25, 3], "texture": "#0"},
				"up": {"uv": [9, 2.25, 8, 1.25], "texture": "#0"},
				"down": {"uv": [9, 2.25, 8, 3.25], "texture": "#0"}
			}
		},
		{
			"from": [12, 18, 1],
			"to": [15, 19, 4],
			"rotation": {"angle": 0, "axis": "y", "origin": [21, 26, 10]},
			"faces": {
				"north": {"uv": [9.25, 9, 10, 9.25], "texture": "#0"},
				"east": {"uv": [8.5, 9.5, 9.25, 9.75], "texture": "#0"},
				"south": {"uv": [9.25, 9.5, 10, 9.75], "texture": "#0"},
				"west": {"uv": [9.5, 5.75, 10.25, 6], "texture": "#0"},
				"up": {"uv": [8.75, 5.5, 8, 4.75], "texture": "#0"},
				"down": {"uv": [8.75, 5.5, 8, 6.25], "texture": "#0"}
			}
		},
		{
			"from": [13, 18, 4],
			"to": [14, 19, 5],
			"rotation": {"angle": 0, "axis": "y", "origin": [20, 26, 11]},
			"faces": {
				"north": {"uv": [10.25, 9.75, 10.5, 10], "texture": "#0"},
				"east": {"uv": [10.25, 10, 10.5, 10.25], "texture": "#0"},
				"south": {"uv": [8, 10.5, 8.25, 10.75], "texture": "#0"},
				"west": {"uv": [8.25, 10.5, 8.5, 10.75], "texture": "#0"},
				"up": {"uv": [8.75, 10.75, 8.5, 10.5], "texture": "#0"},
				"down": {"uv": [9, 10.5, 8.75, 10.75], "texture": "#0"}
			}
		},
		{
			"from": [11, 18, 2],
			"to": [12, 19, 3],
			"rotation": {"angle": 0, "axis": "y", "origin": [18, 26, 9]},
			"faces": {
				"north": {"uv": [10.5, 10.5, 10.75, 10.75], "texture": "#0"},
				"east": {"uv": [10.5, 0, 10.75, 0.25], "texture": "#0"},
				"south": {"uv": [10.5, 0.25, 10.75, 0.5], "texture": "#0"},
				"west": {"uv": [10.5, 0.5, 10.75, 0.75], "texture": "#0"},
				"up": {"uv": [10.75, 1, 10.5, 0.75], "texture": "#0"},
				"down": {"uv": [10.75, 1, 10.5, 1.25], "texture": "#0"}
			}
		},
		{
			"from": [10, 17, 3],
			"to": [11, 18, 4],
			"rotation": {"angle": 0, "axis": "y", "origin": [17, 25, 10]},
			"faces": {
				"north": {"uv": [10.5, 1.25, 10.75, 1.5], "texture": "#0"},
				"east": {"uv": [10.5, 1.5, 10.75, 1.75], "texture": "#0"},
				"south": {"uv": [10.5, 1.75, 10.75, 2], "texture": "#0"},
				"west": {"uv": [10.5, 2, 10.75, 2.25], "texture": "#0"},
				"up": {"uv": [10.75, 2.5, 10.5, 2.25], "texture": "#0"},
				"down": {"uv": [10.75, 2.5, 10.5, 2.75], "texture": "#0"}
			}
		},
		{
			"from": [13, 19, 1],
			"to": [15, 20, 2],
			"rotation": {"angle": 0, "axis": "y", "origin": [21, 27, 8]},
			"faces": {
				"north": {"uv": [9.25, 10, 9.75, 10.25], "texture": "#0"},
				"east": {"uv": [10.5, 2.75, 10.75, 3], "texture": "#0"},
				"south": {"uv": [9.75, 10, 10.25, 10.25], "texture": "#0"},
				"west": {"uv": [10.5, 3.25, 10.75, 3.5], "texture": "#0"},
				"up": {"uv": [10.5, 1.25, 10, 1], "texture": "#0"},
				"down": {"uv": [10.5, 1.25, 10, 1.5], "texture": "#0"}
			}
		},
		{
			"from": [14, 19, 2],
			"to": [15, 20, 3],
			"rotation": {"angle": 0, "axis": "y", "origin": [21, 27, 8]},
			"faces": {
				"north": {"uv": [10.5, 3.5, 10.75, 3.75], "texture": "#0"},
				"east": {"uv": [10.5, 3.75, 10.75, 4], "texture": "#0"},
				"south": {"uv": [10.5, 4, 10.75, 4.25], "texture": "#0"},
				"west": {"uv": [10.5, 4.25, 10.75, 4.5], "texture": "#0"},
				"up": {"uv": [10.75, 4.75, 10.5, 4.5], "texture": "#0"},
				"down": {"uv": [10.75, 4.75, 10.5, 5], "texture": "#0"}
			}
		},
		{
			"from": [12, 17, 5],
			"to": [13, 18, 6],
			"rotation": {"angle": 0, "axis": "y", "origin": [19, 25, 12]},
			"faces": {
				"north": {"uv": [9, 10.5, 9.25, 10.75], "texture": "#0"},
				"east": {"uv": [9.25, 10.5, 9.5, 10.75], "texture": "#0"},
				"south": {"uv": [9.5, 10.5, 9.75, 10.75], "texture": "#0"},
				"west": {"uv": [9.75, 10.5, 10, 10.75], "texture": "#0"},
				"up": {"uv": [10.25, 10.75, 10, 10.5], "texture": "#0"},
				"down": {"uv": [10.5, 10.5, 10.25, 10.75], "texture": "#0"}
			}
		},
		{
			"from": [1, 16, 13],
			"to": [2, 17, 15],
			"rotation": {"angle": 0, "axis": "y", "origin": [9, 24, 22]},
			"faces": {
				"north": {"uv": [10.25, 7.75, 10.5, 8], "texture": "#0"},
				"east": {"uv": [9.75, 7.75, 10.25, 8], "texture": "#0"},
				"south": {"uv": [10.25, 8, 10.5, 8.25], "texture": "#0"},
				"west": {"uv": [9.75, 9.25, 10.25, 9.5], "texture": "#0"},
				"up": {"uv": [9, 10.5, 8.75, 10], "texture": "#0"},
				"down": {"uv": [9.25, 10, 9, 10.5], "texture": "#0"}
			}
		},
		{
			"from": [2, 16, 14],
			"to": [3, 17, 15],
			"rotation": {"angle": 0, "axis": "y", "origin": [10, 24, 22]},
			"faces": {
				"north": {"uv": [10.25, 8.25, 10.5, 8.5], "texture": "#0"},
				"east": {"uv": [10.25, 8.5, 10.5, 8.75], "texture": "#0"},
				"south": {"uv": [10.25, 8.75, 10.5, 9], "texture": "#0"},
				"west": {"uv": [10.25, 9, 10.5, 9.25], "texture": "#0"},
				"up": {"uv": [10.5, 9.5, 10.25, 9.25], "texture": "#0"},
				"down": {"uv": [10.5, 9.5, 10.25, 9.75], "texture": "#0"}
			}
		},
		{
			"from": [15, 16, 9],
			"to": [16, 17, 16],
			"rotation": {"angle": 0, "axis": "y", "origin": [23, 24, 23]},
			"faces": {
				"north": {"uv": [10.5, 5, 10.75, 5.25], "texture": "#0"},
				"east": {"uv": [8, 7.25, 9.75, 7.5], "texture": "#0"},
				"south": {"uv": [10.5, 5.25, 10.75, 5.5], "texture": "#0"},
				"west": {"uv": [8, 7.5, 9.75, 7.75], "texture": "#0"},
				"up": {"uv": [9.25, 3, 9, 1.25], "texture": "#0"},
				"down": {"uv": [9.25, 5.25, 9, 7], "texture": "#0"}
			}
		},
		{
			"from": [8, 16, 15],
			"to": [15, 17, 16],
			"rotation": {"angle": 0, "axis": "y", "origin": [16, 24, 23]},
			"faces": {
				"north": {"uv": [8, 7.75, 9.75, 8], "texture": "#0"},
				"east": {"uv": [10.5, 5.5, 10.75, 5.75], "texture": "#0"},
				"south": {"uv": [9, 3, 10.75, 3.25], "texture": "#0"},
				"west": {"uv": [10.5, 5.75, 10.75, 6], "texture": "#0"},
				"up": {"uv": [10.75, 7.25, 9, 7], "texture": "#0"},
				"down": {"uv": [9.75, 9.25, 8, 9.5], "texture": "#0"}
			}
		},
		{
			"from": [13, 16, 8],
			"to": [16, 17, 9],
			"rotation": {"angle": 0, "axis": "y", "origin": [17, 24, 16]},
			"faces": {
				"north": {"uv": [9.5, 6, 10.25, 6.25], "texture": "#0"},
				"east": {"uv": [10.5, 6, 10.75, 6.25], "texture": "#0"},
				"south": {"uv": [9.5, 6.25, 10.25, 6.5], "texture": "#0"},
				"west": {"uv": [10.5, 6.25, 10.75, 6.5], "texture": "#0"},
				"up": {"uv": [9.25, 10, 8.5, 9.75], "texture": "#0"},
				"down": {"uv": [10, 9.75, 9.25, 10], "texture": "#0"}
			}
		},
		{
			"from": [10, 16, 8],
			"to": [11, 17, 9],
			"rotation": {"angle": 0, "axis": "y", "origin": [12, 24, 16]},
			"faces": {
				"north": {"uv": [10.5, 7.25, 10.75, 7.5], "texture": "#0"},
				"east": {"uv": [10.5, 7.5, 10.75, 7.75], "texture": "#0"},
				"south": {"uv": [10.5, 7.75, 10.75, 8], "texture": "#0"},
				"west": {"uv": [10.5, 8, 10.75, 8.25], "texture": "#0"},
				"up": {"uv": [10.75, 8.5, 10.5, 8.25], "texture": "#0"},
				"down": {"uv": [10.75, 8.5, 10.5, 8.75], "texture": "#0"}
			}
		},
		{
			"from": [8, 16, 13],
			"to": [9, 17, 15],
			"rotation": {"angle": 0, "axis": "y", "origin": [10, 24, 16]},
			"faces": {
				"north": {"uv": [10.5, 6.5, 10.75, 6.75], "texture": "#0"},
				"east": {"uv": [10, 1.5, 10.5, 1.75], "texture": "#0"},
				"south": {"uv": [10.5, 6.75, 10.75, 7], "texture": "#0"},
				"west": {"uv": [10, 1.75, 10.5, 2], "texture": "#0"},
				"up": {"uv": [10.25, 3.75, 10, 3.25], "texture": "#0"},
				"down": {"uv": [10.25, 3.75, 10, 4.25], "texture": "#0"}
			}
		},
		{
			"from": [8, 16, 10],
			"to": [9, 17, 11],
			"rotation": {"angle": 0, "axis": "y", "origin": [10, 24, 12]},
			"faces": {
				"north": {"uv": [8.75, 6, 9, 6.25], "texture": "#0"},
				"east": {"uv": [10, 4.25, 10.25, 4.5], "texture": "#0"},
				"south": {"uv": [10, 4.5, 10.25, 4.75], "texture": "#0"},
				"west": {"uv": [10, 4.75, 10.25, 5], "texture": "#0"},
				"up": {"uv": [10.25, 5.25, 10, 5], "texture": "#0"},
				"down": {"uv": [10.25, 5.25, 10, 5.5], "texture": "#0"}
			}
		}
	],
	"display": {
		"thirdperson_righthand": {
			"rotation": [75, 45, 0],
			"translation": [0, 2.5, 0],
			"scale": [0.375, 0.375, 0.375]
		},
		"thirdperson_lefthand": {
			"rotation": [75, 45, 0],
			"translation": [0, 2.5, 0],
			"scale": [0.375, 0.375, 0.375]
		},
		"firstperson_righthand": {
			"rotation": [0, 45, 0],
			"scale": [0.4, 0.4, 0.4]
		},
		"firstperson_lefthand": {
			"rotation": [0, 225, 0],
			"scale": [0.4, 0.4, 0.4]
		},
		"ground": {
			"translation": [0, 3, 0],
			"scale": [0.25, 0.25, 0.25]
		},
		"gui": {
			"rotation": [30, 225, 0],
			"scale": [0.625, 0.625, 0.625]
		},
		"head": {
			"translation": [0, -30.27, 0],
			"scale": [1.62, 1.62, 1.62]
		},
		"fixed": {
			"scale": [0.5, 0.5, 0.5]
		}
	}
}