{
    "type": "minecraft:chest",
    "pools": [
      {
        "rolls": {
          "type": "minecraft:uniform",
          "min": 1,
          "max": 2
        },
        "entries": [
          {
            "type": "minecraft:loot_table",
            "weight": 10,
            "name": "structures:crypt/bad_loot"
          },
          {
            "type": "minecraft:loot_table",
            "weight": 90,
            "name": "structures:crypt/good_loot"
          }
        ]
      }
    ]
  }
  