{
  "name": "structures:crypt/hallways/branch",
  "fallback": "structures:crypt/hallways/generic/end",
  "elements": [
    {
      "weight": 2,
      "element": {
        "element_type": "minecraft:single_pool_element",
        "projection": "rigid",
        "location": "structures:crypt/hallways/generic/x",
        "processors": "minecraft:empty"
      }
    },
    {
      "weight": 1,
      "element": {
        "element_type": "minecraft:single_pool_element",
        "projection": "rigid",
        "location": "structures:crypt/hallways/generic/stair",
        "processors": "minecraft:empty"
      }
    },
    {
      "weight": 2,
      "element": {
        "element_type": "minecraft:single_pool_element",
        "projection": "rigid",
        "location": "structures:crypt/hallways/generic/t",
        "processors": "minecraft:empty"
      }
    },
    {
      "weight": 6,
      "element": {
        "element_type": "minecraft:single_pool_element",
        "projection": "rigid",
        "location": "structures:crypt/hallways/generic/straight",
        "processors": "minecraft:empty"
      }
    },
    {
      "weight": 5,
      "element": {
        "element_type": "minecraft:single_pool_element",
        "projection": "rigid",
        "location": "structures:crypt/hallways/generic/corner",
        "processors": "minecraft:empty"
      }
    },
	{
      "weight": 1,
      "element": {
        "element_type": "minecraft:single_pool_element",
        "projection": "rigid",
        "location": "structures:crypt/rooms/generic/med_parkour_1",
        "processors": "minecraft:empty"
      }
    },
	{
      "weight": 1,
      "element": {
        "element_type": "minecraft:single_pool_element",
        "projection": "rigid",
        "location": "structures:crypt/rooms/generic/large_library_1",
        "processors": "minecraft:empty"
      }
    }
  ]
}