{
    "feature": "minecraft:fossil_coal",
    "placement": [
      {
        "type": "minecraft:in_square"
      },
      {
        "type": "minecraft:count",
        "count": {
          "type": "minecraft:biased_to_bottom",
          "value": {
            "min_inclusive": 0,
            "max_inclusive": 1
          }
        }
      },
      {
        "type": "minecraft:heightmap",
        "heightmap": "WORLD_SURFACE_WG"
      },
      {
        "type": "minecraft:biome"
      }
    ]
  }
  