{
    "type": "minecraft:chest",
    "pools": [
      {
        "rolls": 1,
        "entries": [
          {
            "type": "minecraft:item",
            "name": "minecraft:written_book",
            "functions": [
              {
                "function": "minecraft:set_count",
                "count": 1
              },
              {
                "function": "minecraft:set_nbt",
                "tag": "{CustomModelData:2,display:{Name:'[{\"translate\":\"[%s] \",\"color\":\"gold\",\"italic\":false,\"with\":[{\"translate\":\"item.nyctocosm.prefix.lore\"}]},{\"translate\":\"item.nyctocosm.catechism\",\"color\":\"dark_purple\",\"italic\":false}]',Lore:['{\"translate\":\"book.byAuthor\",\"color\":\"gray\",\"italic\":false,\"with\":[{\"translate\":\"item.nyctocosm.catechism.author\"}]}','{\"translate\":\"item.nyctocosm.book.generation\",\"color\":\"gray\",\"italic\":false}','{\"translate\":\"item.nyctocosm.catechism.lore\",\"color\":\"dark_gray\"}']},lorebook:1,storyline:1,title:\"Catechism of the Seelic Mystics\",author:\"The Archmage\",generation:2,pages:['{\"translate\":\"item.nyctocosm.catechism.page1\"}'],HideFlags:32b}"
              }
            ]
          }
        ]
      },
      {
        "rolls": {
          "type": "minecraft:uniform",
          "min": 5,
          "max": 10
        },
        "bonus_rolls": 0,
        "entries": [
          {
            "type": "minecraft:item",
            "name": "minecraft:enchanted_golden_apple",
            "functions": [
              {
                "function": "minecraft:set_count",
                "count": {
                  "type": "minecraft:uniform",
                  "min": 1,
                  "max": 2
                },
                "add": false
              }
            ]
          },
          {
            "type": "minecraft:item",
            "name": "minecraft:music_disc_otherside"
          },
          {
            "type": "minecraft:item",
            "weight": 2,
            "name": "minecraft:compass",
            "functions": [
              {
                "function": "minecraft:set_count",
                "count": 1,
                "add": false
              }
            ]
          },
          {
            "type": "minecraft:item",
            "weight": 2,
            "name": "minecraft:name_tag"
          },
          {
            "type": "minecraft:item",
            "weight": 2,
            "name": "minecraft:diamond_hoe",
            "functions": [
              {
                "function": "minecraft:set_count",
                "count": 1,
                "add": false
              },
              {
                "function": "minecraft:set_damage",
                "damage": {
                  "type": "minecraft:uniform",
                  "min": 0.8,
                  "max": 1
                },
                "add": false
              },
              {
                "function": "minecraft:enchant_with_levels",
                "levels": {
                  "type": "minecraft:uniform",
                  "min": 30,
                  "max": 50
                },
                "treasure": true
              }
            ]
          },
          {
            "type": "minecraft:item",
            "weight": 2,
            "name": "minecraft:lead",
            "functions": [
              {
                "function": "minecraft:set_count",
                "count": 1,
                "add": false
              }
            ]
          },
          {
            "type": "minecraft:item",
            "weight": 2,
            "name": "minecraft:saddle",
            "functions": [
              {
                "function": "minecraft:set_count",
                "count": 1,
                "add": false
              }
            ]
          },
          {
            "type": "minecraft:item",
            "weight": 2,
            "name": "minecraft:music_disc_13"
          },
          {
            "type": "minecraft:item",
            "weight": 2,
            "name": "minecraft:music_disc_cat"
          },
          {
            "type": "minecraft:item",
            "weight": 3,
            "name": "minecraft:candle",
            "functions": [
              {
                "function": "minecraft:set_count",
                "count": {
                  "type": "minecraft:uniform",
                  "min": 1,
                  "max": 4
                },
                "add": false
              }
            ]
          },
          {
            "type": "minecraft:item",
            "weight": 3,
            "name": "minecraft:amethyst_shard",
            "functions": [
              {
                "function": "minecraft:set_count",
                "count": {
                  "type": "minecraft:uniform",
                  "min": 1,
                  "max": 15
                },
                "add": false
              }
            ]
          },
          {
            "type": "minecraft:item",
            "weight": 3,
            "name": "minecraft:experience_bottle",
            "functions": [
              {
                "function": "minecraft:set_count",
                "count": {
                  "type": "minecraft:uniform",
                  "min": 1,
                  "max": 3
                },
                "add": false
              }
            ]
          },
          {
            "type": "minecraft:item",
            "weight": 3,
            "name": "minecraft:glow_berries",
            "functions": [
              {
                "function": "minecraft:set_count",
                "count": {
                  "type": "minecraft:uniform",
                  "min": 1,
                  "max": 15
                },
                "add": false
              }
            ]
          },
          {
            "type": "minecraft:item",
            "weight": 5,
            "name": "minecraft:potion",
            "functions": [
              {
                "function": "minecraft:set_count",
                "count": {
                  "type": "minecraft:uniform",
                  "min": 1,
                  "max": 3
                },
                "add": false
              },
              {
                "function": "minecraft:set_potion",
                "id": "minecraft:strong_regeneration"
              }
            ]
          },
          {
            "type": "minecraft:item",
            "weight": 5,
            "name": "minecraft:book",
            "functions": [
              {
                "function": "minecraft:enchant_randomly"
              }
            ]
          },
          {
            "type": "minecraft:item",
            "weight": 5,
            "name": "minecraft:book",
            "functions": [
              {
                "function": "minecraft:set_count",
                "count": {
                  "type": "minecraft:uniform",
                  "min": 3,
                  "max": 10
                },
                "add": false
              }
            ]
          },
          {
            "type": "minecraft:item",
            "weight": 5,
            "name": "minecraft:soul_torch",
            "functions": [
              {
                "function": "minecraft:set_count",
                "count": {
                  "type": "minecraft:uniform",
                  "min": 1,
                  "max": 15
                },
                "add": false
              }
            ]
          },
          {
            "type": "minecraft:item",
            "weight": 7,
            "name": "minecraft:coal",
            "functions": [
              {
                "function": "minecraft:set_count",
                "count": {
                  "type": "minecraft:uniform",
                  "min": 6,
                  "max": 15
                },
                "add": false
              }
            ]
          },
          {
            "type": "minecraft:item",
            "weight": 4,
            "name": "minecraft:ender_pearl",
            "functions": [
              {
                "function": "minecraft:set_count",
                "count": {
                  "min": 4,
                  "max": 16
                }
              }
            ]
          }
        ]
      }
    ]
  }
