{
    "__comment": "Model generated using MrCrayfish's Model Creator (https://mrcrayfish.com/tools?id=mc)",
    "textures": {
        "particle": "minecraft:block/cartography_table_side3",
        "cartography_table_top": "minecraft:block/cartography_table_top",
        "stripped_dark_oak_log": "minecraft:block/stripped_dark_oak_log",
        "cartography_table_side1": "minecraft:block/cartography_table_side1",
        "cartography_table_side3": "minecraft:block/cartography_table_side3"
    },
    "display": {
        "gui": {
            "rotation": [ 30, 45, 0 ],
            "translation": [ 0, 0, 0 ],
            "scale": [ 0.625, 0.625, 0.625 ]
        },
        "ground": {
            "rotation": [ 0, 0, 0 ],
            "translation": [ 0, 3, 0 ],
            "scale": [ 0.25, 0.25, 0.25 ]
        },
        "fixed": {
            "rotation": [ 0, 180, 0 ],
            "translation": [ 0, 0, 0 ],
            "scale": [ 1, 1, 1 ]
        },
        "head": {
            "rotation": [ 0, 180, 0 ],
            "translation": [ 0, 0, 0 ],
            "scale": [ 1, 1, 1 ]
        },
        "firstperson_righthand": {
            "rotation": [ 0, 315, 0 ],
            "translation": [ 0, 2.5, 0 ],
            "scale": [ 0.4, 0.4, 0.4 ]
        },
        "thirdperson_righthand": {
            "rotation": [ 75, 315, 0 ],
            "translation": [ 0, 2.5, 0 ],
            "scale": [ 0.375, 0.375, 0.375 ]
        }
    },
    "elements": [
        {
            "name": "Cube",
            "from": [ 0, 0, 0 ], 
            "to": [ 3, 16, 3 ], 
            "faces": {
                "north": { "texture": "#stripped_dark_oak_log", "uv": [ 0, 0, 3, 16 ] },
                "east": { "texture": "#stripped_dark_oak_log", "uv": [ 0, 0, 3, 16 ] },
                "south": { "texture": "#stripped_dark_oak_log", "uv": [ 0, 0, 3, 16 ] },
                "west": { "texture": "#stripped_dark_oak_log", "uv": [ 0, 0, 3, 16 ] },
                "up": { "texture": "#stripped_dark_oak_log", "uv": [ 0, 0, 3, 3 ] },
                "down": { "texture": "#stripped_dark_oak_log", "uv": [ 0, 0, 3, 3 ] }
            }
        },
        {
            "name": "Cube",
            "from": [ 13, 0, 0 ], 
            "to": [ 16, 16, 3 ], 
            "faces": {
                "north": { "texture": "#stripped_dark_oak_log", "uv": [ 0, 0, 3, 16 ] },
                "east": { "texture": "#stripped_dark_oak_log", "uv": [ 0, 0, 3, 16 ] },
                "south": { "texture": "#stripped_dark_oak_log", "uv": [ 0, 0, 3, 16 ] },
                "west": { "texture": "#stripped_dark_oak_log", "uv": [ 0, 0, 3, 16 ] },
                "up": { "texture": "#stripped_dark_oak_log", "uv": [ 0, 0, 3, 3 ] },
                "down": { "texture": "#stripped_dark_oak_log", "uv": [ 0, 0, 3, 3 ] }
            }
        },
        {
            "name": "Cube",
            "from": [ 13, 0, 13 ], 
            "to": [ 16, 16, 16 ], 
            "faces": {
                "north": { "texture": "#stripped_dark_oak_log", "uv": [ 0, 0, 3, 16 ] },
                "east": { "texture": "#stripped_dark_oak_log", "uv": [ 0, 0, 3, 16 ] },
                "south": { "texture": "#stripped_dark_oak_log", "uv": [ 0, 0, 3, 16 ] },
                "west": { "texture": "#stripped_dark_oak_log", "uv": [ 0, 0, 3, 16 ] },
                "up": { "texture": "#stripped_dark_oak_log", "uv": [ 0, 0, 3, 3 ] },
                "down": { "texture": "#stripped_dark_oak_log", "uv": [ 0, 0, 3, 3 ] }
            }
        },
        {
            "name": "Cube",
            "from": [ 0, 0, 13 ], 
            "to": [ 3, 16, 16 ], 
            "faces": {
                "north": { "texture": "#stripped_dark_oak_log", "uv": [ 0, 0, 3, 16 ] },
                "east": { "texture": "#stripped_dark_oak_log", "uv": [ 0, 0, 3, 16 ] },
                "south": { "texture": "#stripped_dark_oak_log", "uv": [ 0, 0, 3, 16 ] },
                "west": { "texture": "#stripped_dark_oak_log", "uv": [ 0, 0, 3, 16 ] },
                "up": { "texture": "#stripped_dark_oak_log", "uv": [ 0, 0, 3, 3 ] },
                "down": { "texture": "#stripped_dark_oak_log", "uv": [ 0, 0, 3, 3 ] }
            }
        },
        {
            "name": "Cube",
            "from": [ 3, 14, 1 ], 
            "to": [ 13, 15, 15 ], 
            "faces": {
                "east": { "texture": "#cartography_table_side3", "uv": [ 0, 0, 14, 1 ] },
                "west": { "texture": "#cartography_table_side3", "uv": [ 0, 0, 14, 1 ] },
                "up": { "texture": "#cartography_table_top", "uv": [ 7, 0, 16, 14 ] },
                "down": { "texture": "#cartography_table_side3", "uv": [ 0, 0, 10, 14 ] }
            }
        },
        {
            "name": "Cube",
            "from": [ 1, 14, 3 ], 
            "to": [ 3, 15, 13 ], 
            "faces": {
                "up": { "texture": "#cartography_table_side3", "uv": [ 11, 6, 13, 16 ] },
                "down": { "texture": "#cartography_table_side3", "uv": [ 0, 0, 2, 10 ] }
            }
        },
        {
            "name": "Cube",
            "from": [ 13, 14, 3 ], 
            "to": [ 15, 15, 13 ], 
            "faces": {
                "up": { "texture": "#cartography_table_side3", "uv": [ 13, 1, 15, 11 ] },
                "down": { "texture": "#cartography_table_side3", "uv": [ 0, 0, 2, 10 ] }
            }
        },
        {
            "name": "Cube",
            "from": [ 11, 16, 4 ], 
            "to": [ 14, 19, 7 ], 
            "faces": {
                "north": { "texture": "#cartography_table_top", "uv": [ 0, 13, 3, 16 ] },
                "east": { "texture": "#cartography_table_top", "uv": [ 0, 14, 3, 16 ], "rotation": 90 },
                "south": { "texture": "#cartography_table_top", "uv": [ 1, 13, 4, 16 ] },
                "west": { "texture": "#cartography_table_top", "uv": [ 0, 13, 3, 16 ], "rotation": 180 },
                "up": { "texture": "#cartography_table_side1", "uv": [ 0, 0, 3, 3 ], "rotation": 180 },
                "down": { "texture": "#cartography_table_top", "uv": [ 0, 13, 3, 16 ] }
            }
        },
        {
            "name": "Cube",
            "from": [ 3, 0, 1 ], 
            "to": [ 13, 1, 16 ], 
            "faces": {
                "east": { "texture": "#cartography_table_side3", "uv": [ 0, 0, 15, 1 ] },
                "south": { "texture": "#cartography_table_side3", "uv": [ 0, 0, 10, 1 ] },
                "west": { "texture": "#cartography_table_side3", "uv": [ 0, 0, 15, 1 ] },
                "up": { "texture": "#cartography_table_side3", "uv": [ 3, 0, 13, 15 ] },
                "down": { "texture": "#cartography_table_side3", "uv": [ 0, 0, 10, 15 ] }
            }
        },
        {
            "name": "Cube",
            "from": [ 13, 0, 3 ], 
            "to": [ 15, 1, 13 ], 
            "faces": {
                "up": { "texture": "#cartography_table_side3", "uv": [ 13, 1, 15, 11 ] },
                "down": { "texture": "#cartography_table_side3", "uv": [ 0, 0, 2, 10 ] }
            }
        },
        {
            "name": "Cube",
            "from": [ 1, 0, 3 ], 
            "to": [ 3, 1, 13 ], 
            "faces": {
                "up": { "texture": "#cartography_table_side3", "uv": [ 7, 1, 9, 11 ] },
                "down": { "texture": "#cartography_table_side3", "uv": [ 0, 0, 2, 10 ] }
            }
        },
        {
            "name": "Cube",
            "from": [ 3, 6, 1 ], 
            "to": [ 13, 7, 16 ], 
            "faces": {
                "east": { "texture": "#cartography_table_side3", "uv": [ 0, 0, 15, 1 ] },
                "south": { "texture": "#cartography_table_side3", "uv": [ 0, 0, 10, 1 ] },
                "west": { "texture": "#cartography_table_side3", "uv": [ 0, 0, 15, 1 ] },
                "up": { "texture": "#cartography_table_top", "uv": [ 0, 0, 7, 11 ], "rotation": 180 },
                "down": { "texture": "#cartography_table_side3", "uv": [ 0, 0, 10, 15 ] }
            }
        },
        {
            "name": "Cube",
            "from": [ 1, 6, 3 ], 
            "to": [ 3, 7, 13 ], 
            "faces": {
                "up": { "texture": "#cartography_table_side3", "uv": [ 7, 1, 9, 11 ] },
                "down": { "texture": "#cartography_table_side3", "uv": [ 0, 0, 2, 10 ] }
            }
        },
        {
            "name": "Cube",
            "from": [ 13, 6, 3 ], 
            "to": [ 15, 7, 13 ], 
            "faces": {
                "up": { "texture": "#cartography_table_side3", "uv": [ 13, 1, 15, 11 ] },
                "down": { "texture": "#cartography_table_side3", "uv": [ 0, 0, 2, 10 ] }
            }
        },
        {
            "name": "Cube",
            "from": [ 3, 0, 0 ], 
            "to": [ 13, 16, 1 ], 
            "faces": {
                "north": { "texture": "#cartography_table_side3", "uv": [ 3, 0, 13, 16 ] },
                "south": { "texture": "#cartography_table_side3", "uv": [ 0, 0, 10, 16 ] },
                "up": { "texture": "#cartography_table_side3", "uv": [ 0, 0, 10, 1 ] },
                "down": { "texture": "#cartography_table_side3", "uv": [ 0, 0, 10, 1 ] }
            }
        },
        {
            "name": "Cube",
            "from": [ 0, 0, 3 ], 
            "to": [ 1, 16, 13 ], 
            "faces": {
                "east": { "texture": "#cartography_table_side3", "uv": [ 0, 0, 10, 16 ] },
                "west": { "texture": "#cartography_table_side3", "uv": [ 0, 0, 10, 16 ] },
                "up": { "texture": "#cartography_table_side3", "uv": [ 0, 0, 1, 10 ] },
                "down": { "texture": "#cartography_table_side3", "uv": [ 0, 0, 1, 10 ] }
            }
        },
        {
            "name": "Cube",
            "from": [ 15, 0, 3 ], 
            "to": [ 16, 16, 13 ], 
            "faces": {
                "east": { "texture": "#cartography_table_side3", "uv": [ 0, 0, 10, 16 ] },
                "west": { "texture": "#cartography_table_side3", "uv": [ 0, 0, 10, 16 ] },
                "up": { "texture": "#cartography_table_side3", "uv": [ 0, 0, 1, 10 ] },
                "down": { "texture": "#cartography_table_side3", "uv": [ 0, 0, 1, 10 ] }
            }
        },
        {
            "name": "Cube",
            "from": [ 3, 14, 15 ], 
            "to": [ 13, 16, 16 ], 
            "faces": {
                "north": { "texture": "#cartography_table_side3", "uv": [ 0, 0, 10, 2 ] },
                "south": { "texture": "#cartography_table_side3", "uv": [ 0, 0, 10, 2 ] },
                "up": { "texture": "#cartography_table_side3", "uv": [ 0, 0, 10, 1 ] },
                "down": { "texture": "#cartography_table_side3", "uv": [ 0, 0, 10, 1 ] }
            }
        }
    ]
}