{
    "type": "minecraft:lake",
    "config": {
      "fluid": {
        "type": "minecraft:simple_state_provider",
        "state": {
          "Name": "minecraft:lava",
          "Properties": {
            "level": "0"
          }
        }
      },
      "barrier": {
        "type": "minecraft:simple_state_provider",
        "state": {
          "Name": "minecraft:magma_block",
          "Properties": {
            "axis": "y"
          }
        }
      }
    }
  }
  