{
	"parent": "item/handheld",
	"textures": {
		"layer0": "item/structure_void"
	},
	"overrides": [
		{ "predicate": { "custom_model_data": 410001}, "model": "item/structure_void/1" },
		{ "predicate": { "custom_model_data": 410002}, "model": "item/structure_void/2" },
		{ "predicate": { "custom_model_data": 410003}, "model": "item/structure_void/3" },
		{ "predicate": { "custom_model_data": 410004}, "model": "item/structure_void/4" },
		{ "predicate": { "custom_model_data": 410005}, "model": "item/structure_void/5" },
		{ "predicate": { "custom_model_data": 410006}, "model": "item/structure_void/6" }
	]
}
