{
    "type": "minecraft:tree",
    "config": {
      "ignore_vines": true,
      "force_dirt": false,
      "minimum_size": {
        "type": "minecraft:two_layers_feature_size",
        "limit": 1,
        "lower_size": 1,
        "upper_size": 2
      },
      "dirt_provider": {
        "type": "minecraft:simple_state_provider",
        "state": {
          "Name": "minecraft:dirt"
        }
      },
      "trunk_provider": {
        "type": "minecraft:simple_state_provider",
        "state": {
          "Name": "minecraft:blackstone"
        }
      },
      "foliage_provider": {
        "type": "minecraft:simple_state_provider",
        "state": {
          "Name": "minecraft:blackstone_slab"
        }
      },
      "trunk_placer": {
        "type": "minecraft:upwards_branching_trunk_placer",
        "base_height": 6,
        "height_rand_a": 2,
        "height_rand_b": 4,
        "extra_branch_steps": {
          "type": "minecraft:uniform",
          "value": {
            "min_inclusive": 3,
            "max_inclusive": 7
          }
        },
        "extra_branch_length": {
          "type": "minecraft:uniform",
          "value": {
            "min_inclusive": 4,
            "max_inclusive": 9
          }
        },
        "place_branch_per_log_probability": 0.4,
        "can_grow_through": [
          "minecraft:air",
          "minecraft:blackstone",
          "minecraft:grass",
          "minecraft:tall_grass"
        ]
      },
      "foliage_placer": {
        "type": "minecraft:blob_foliage_placer",
        "radius": 0,
        "offset": 0,
        "height": 0
      },
      "decorators": [
        {
          "type": "minecraft:trunk_vine"
        }
      ]
    }
  }
  