{
    "type": "minecraft:random_patch",
    "config": {
      "tries": 1,
      "xz_spread": 0,
      "y_spread": 0,
      "feature": {
        "feature": {
          "type": "minecraft:block_pile",
          "config": {
            "state_provider": {
              "type": "minecraft:simple_state_provider",
              "state": {
                "Name": "minecraft:cobbled_deepslate"
              }
            }
          }
        },
        "placement": [
          {
            "type": "minecraft:count",
            "count": 1
          },
          {
            "type": "minecraft:in_square"
          },
          {
            "type": "minecraft:heightmap",
            "heightmap": "WORLD_SURFACE_WG"
          }
        ]
      }
    }
  }
  