{
    "type": "minecraft:random_selector",
    "config": {
      "features": [],
      "default": {
        "feature": {
          "type": "minecraft:vegetation_patch",
          "config": {
            "surface": "floor",
            "depth": 1,
            "vertical_range": 1,
            "extra_bottom_block_chance": 0,
            "extra_edge_column_chance": 0,
            "vegetation_chance": 1,
            "xz_radius": 0,
            "replaceable": "#minecraft:overworld_carver_replaceables",
            "ground_state": {
              "type": "minecraft:simple_state_provider",
              "state": {
                "Name": "minecraft:air"
              }
            },
            "vegetation_feature": {
              "feature": {
                "type": "minecraft:tree",
                "config": {
                  "minimum_size": {
                    "type": "minecraft:two_layers_feature_size"
                  },
                  "dirt_provider": {
                    "type": "minecraft:simple_state_provider",
                    "state": {
                      "Name": "minecraft:cobbled_deepslate"
                    }
                  },
                  "trunk_provider": {
                    "type": "minecraft:simple_state_provider",
                    "state": {
                      "Name": "minecraft:cobbled_deepslate"
                    }
                  },
                  "foliage_provider": {
                    "type": "minecraft:simple_state_provider",
                    "state": {
                      "Name": "minecraft:air"
                    }
                  },
                  "trunk_placer": {
                    "type": "minecraft:straight_trunk_placer",
                    "base_height": 20,
                    "height_rand_a": 5,
                    "height_rand_b": 5
                  },
                  "foliage_placer": {
                    "type": "minecraft:blob_foliage_placer",
                    "radius": 0,
                    "offset": 0,
                    "height": 0
                  },
                  "decorators": []
                }
              },
              "placement": []
            }
          }
        },
        "placement": [
          {
            "type": "minecraft:count",
            "count": 255
          },
          {
            "type": "minecraft:random_offset",
            "xz_spread": {
              "type": "minecraft:uniform",
              "value": {
                "min_inclusive": -1,
                "max_inclusive": 1
              }
            },
            "y_spread": 0
          },
          {
            "type": "minecraft:heightmap",
            "heightmap": "WORLD_SURFACE_WG"
          },
          {
            "type": "minecraft:block_predicate_filter",
            "predicate": {
              "type": "minecraft:all_of",
              "predicates": [
                {
                  "type": "minecraft:matching_blocks",
                  "offset": [
                    0,
                    0,
                    0
                  ],
                  "blocks": "minecraft:air"
                },
                {
                  "type": "minecraft:any_of",
                  "predicates": [
                    {
                      "type": "minecraft:matching_blocks",
                      "offset": [
                        1,
                        -1,
                        0
                      ],
                      "blocks": "minecraft:cobbled_deepslate"
                    },
                    {
                      "type": "minecraft:matching_blocks",
                      "offset": [
                        0,
                        -1,
                        1
                      ],
                      "blocks": "minecraft:cobbled_deepslate"
                    },
                    {
                      "type": "minecraft:matching_blocks",
                      "offset": [
                        -1,
                        -1,
                        0
                      ],
                      "blocks": "minecraft:cobbled_deepslate"
                    },
                    {
                      "type": "minecraft:matching_blocks",
                      "offset": [
                        0,
                        -1,
                        -1
                      ],
                      "blocks": "minecraft:cobbled_deepslate"
                    },
                    {
                      "type": "minecraft:matching_blocks",
                      "offset": [
                        0,
                        -1,
                        0
                      ],
                      "blocks": "minecraft:cobbled_deepslate"
                    }
                  ]
                }
              ]
            }
          }
        ]
      }
    }
  }
  