{
    "criteria": {
      "requirement": {
        "trigger": "minecraft:player_killed_entity",
        "conditions": {
          "player": [
            {
              "condition": "minecraft:entity_properties",
              "entity": "this",
              "predicate": {
                "type": "minecraft:player",
                "equipment": {
                  "mainhand": {
                    "items": [
                      "minecraft:warped_fungus_on_a_stick"
                    ],
                    "nbt": "{reaping:1}"
                  }
                }
              }
            }
          ],
          "entity": {
            "type": "#nyctocosm:livingthings"
          }
        }
      }
    },
    "rewards": {
      "function": "items:scythe/kill"
    }
  }
  