{
	"textures": {
		"2": "nyctocosm:magic/ajspellplane/glyph_atlas"
	},
	"elements": [
		{
			"from": [
				-16,
				18.936708860759495,
				7.088607594936709
			],
			"to": [
				-16,
				20.759493670886076,
				8.91139240506329
			],
			"rotation": {
				"angle": 0,
				"axis": "y",
				"origin": [
					-16,
					19.848101265822784,
					8
				]
			},
			"faces": {
				"north": {
					"uv": [
						4.000000000000002,
						6.5680000000000005,
						7.0000000000000036,
						9.568000000000003
					],
					"texture": "#2"
				},
				"east": {
					"uv": [
						4.000000000000002,
						6.5680000000000005,
						7.0000000000000036,
						9.568000000000003
					],
					"texture": "#2"
				},
				"south": {
					"uv": [
						4.000000000000002,
						6.5680000000000005,
						7.0000000000000036,
						9.568000000000003
					],
					"texture": "#2"
				},
				"west": {
					"uv": [
						7.0000000000000036,
						6.5680000000000005,
						4.000000000000002,
						9.568000000000003
					],
					"texture": "#2"
				},
				"up": {
					"uv": [
						4.000000000000002,
						6.5680000000000005,
						7.0000000000000036,
						9.568000000000003
					],
					"texture": "#2"
				},
				"down": {
					"uv": [
						4.000000000000002,
						6.5680000000000005,
						7.0000000000000036,
						9.568000000000003
					],
					"texture": "#2"
				}
			}
		}
	],
	"display": {
		"head": {
			"rotation": [
				0,
				0,
				0
			]
		}
	}
}