{
    "display": {
        "icon": {
            "item": "minecraft:golden_hoe"
        },
        "title": {
            "text": "§lSkills",
            "color": "yellow"
        },
        "description": {
            "text": "§aThis datapack is installed ! §7To uninstall:","extra": [
                {
                    "text": " §c'/function skills:uninstall'"
                }
            ]
        },
        "show_toast": false,
        "announce_to_chat": false
    },
    "parent": "global:prodigegasy",
    "criteria": {
        "trigger": {
            "trigger": "minecraft:tick"
        }
    }
}
