{
    "type": "origins:action_on_entity_use",
	"name": "Superior Dwarven Engineering",
	"description": "You are able to upgrade iron golems by repairing them with gold ingots. Upgraded golems are more compact, immune to fire, and automatically repair.",
    "bientity_action": {
        "type": "origins:target_action",
        "action": {
            "type": "origins:and",
            "actions": [
                {
                    "type": "origins:heal",
                    "amount": 25
                },
                {
					"type": "origins:grant_power",
					"power": "dwarf:enhanced_golem",
					"source": "dwarf:dwarf"
				},
                {
					"type": "origins:grant_power",
					"power": "dwarf:size_hitbox",
					"source": "dwarf:dwarf"
				}
            ]
        }
    },
	"bientity_condition": {
		"type": "origins:target_condition",
		"condition": {
			"type": "origins:entity_type",
			"entity_type": "minecraft:iron_golem"
		}
	},
	"held_item_action": {
		"type": "origins:consume",
		"amount": 1
	},
    "item_condition": {
		"type": "origins:ingredient",
		"ingredient": {
			"item": "minecraft:gold_ingot"
		}
	}
}