{
    "type": "origins:modify_food",
	"name": "Dwarven Constitution",
	"description": "A dwarf's gut is made of sterner stuff. Eating meat causes you to regenerate health, and you are immune to food poisoning.",
    "item_condition": {
        "type": "origins:ingredient",
        "ingredient": {
            "tag": "origins:meat"
        }
    },
    "entity_action": {
		"type": "origins:apply_effect",
		"effect": {
			"effect": "minecraft:regeneration",
			"duration": 50,
			"amplifier": 1,
			"ambient": true,
			"show_icon": false
		}
	}
}