{
	"type": "origins:conditioned_attribute",
	"name": "Shielded",
	"description": "Your small frame allows you to more effective use a shield, gaining a bonus to armour when using one.",
	"modifier": {
		"attribute": "minecraft:generic.armor",
		"value": 8.0,
		"operation": "addition"
	},
	"condition": {
		"type": "origins:equipped_item",
		"equipment_slot": "offhand",
		"item_condition": {
			"type": "origins:ingredient",
			"ingredient": {
				"item": "minecraft:shield"
			}
		}
	}
}