{
	"textures": {
		"0": "nyctocosm:mobs/death_walker/death_walker_dawren"
	},
	"elements": [
		{
			"from": [
				6.8,
				-4,
				0.7999999999999998
			],
			"to": [
				11.599999999999998,
				20,
				15.2
			],
			"rotation": {
				"angle": 0,
				"axis": "y",
				"origin": [
					9.200000000000001,
					8,
					8
				]
			},
			"faces": {
				"north": {
					"uv": [
						5.75,
						3,
						6,
						4.25
					],
					"texture": "#0"
				},
				"east": {
					"uv": [
						5,
						3,
						5.75,
						4.25
					],
					"texture": "#0"
				},
				"south": {
					"uv": [
						6.75,
						3,
						7,
						4.25
					],
					"texture": "#0"
				},
				"west": {
					"uv": [
						6,
						3,
						6.75,
						4.25
					],
					"texture": "#0"
				},
				"up": {
					"uv": [
						6,
						3,
						5.75,
						2.25
					],
					"texture": "#0"
				},
				"down": {
					"uv": [
						6.25,
						2.25,
						6,
						3
					],
					"texture": "#0"
				}
			}
		}
	],
	"display": {
		"head": {
			"rotation": [
				0,
				180,
				0
			]
		}
	}
}