{"type":"nyctocosm:nyctocosm","generator":{"biome_source":{"biomes":[{"parameters":{"weirdness":[-1,1],"continentalness":[-1.2,1],"erosion":[-1,1],"temperature":[-1,-0.45],"humidity":[-1,0.1],"depth":[-0.2,0.2],"offset":0},"biome":"nyctocosm:desert_of_rime"},{"parameters":{"weirdness":[-1,-0.4],"continentalness":[-1.2,1],"erosion":[-1,1],"temperature":[-1,0.55],"humidity":[0.1,1],"depth":[-0.2,0.2],"offset":0},"biome":"nyctocosm:cimmerian_gorge"},{"parameters":{"weirdness":[-1,1],"continentalness":[-1.2,1],"erosion":[-1,1],"temperature":[-0.45,-0.15],"humidity":[-1,-0.1],"depth":[-0.2,0.2],"offset":0},"biome":"nyctocosm:desert_of_rime"},{"parameters":{"weirdness":[-1,-0.4],"continentalness":[-1.2,1],"erosion":[-1,1],"temperature":[-0.45,-0.15],"humidity":[-0.1,1],"depth":[-0.2,0.2],"offset":0},"biome":"nyctocosm:cimmerian_gorge"},{"parameters":{"weirdness":[-1,-0.4],"continentalness":[-1.2,1],"erosion":[-1,1],"temperature":[-0.15,1],"humidity":[-1,0.1],"depth":[-0.2,0.2],"offset":0},"biome":"nyctocosm:infernal_chasms"},{"parameters":{"weirdness":[-1,-0.4],"continentalness":[-1.2,1],"erosion":[-1,1],"temperature":[0.55,1],"humidity":[0.1,0.3],"depth":[-0.2,0.2],"offset":0},"biome":"nyctocosm:cimmerian_gorge"},{"parameters":{"weirdness":[-1,-0.4],"continentalness":[-1.2,1],"erosion":[-1,1],"temperature":[0.55,1],"humidity":[0.3,1],"depth":[-0.2,0.2],"offset":0},"biome":"nyctocosm:twilight_woodlands"},{"parameters":{"weirdness":[-0.4,0.56666666],"continentalness":[-1.2,1],"erosion":[-1,1],"temperature":[-1,-0.15],"humidity":[0.1,1],"depth":[-0.2,0.2],"offset":0},"biome":"nyctocosm:night_wastes"},{"parameters":{"weirdness":[-0.4,0.56666666],"continentalness":[-1.2,1],"erosion":[-1,1],"temperature":[-0.45,-0.15],"humidity":[-0.1,1],"depth":[-0.2,0.2],"offset":0},"biome":"nyctocosm:night_wastes"},{"parameters":{"weirdness":[-0.4,0.56666666],"continentalness":[-1.2,1],"erosion":[-1,1],"temperature":[-0.15,0.2],"humidity":[-1,0.1],"depth":[-0.2,0.2],"offset":0},"biome":"nyctocosm:night_wastes"},{"parameters":{"weirdness":[-0.4,0.56666666],"continentalness":[-1.2,1],"erosion":[-1,1],"temperature":[-0.15,1],"humidity":[0.1,1],"depth":[-0.2,0.2],"offset":0},"biome":"nyctocosm:dark_mire"},{"parameters":{"weirdness":[-0.4,0.56666666],"continentalness":[-1.2,1],"erosion":[-1,1],"temperature":[0.2,0.55],"humidity":[-1,0.1],"depth":[-0.2,0.2],"offset":0},"biome":"nyctocosm:twilight_woodlands"},{"parameters":{"weirdness":[-0.4,0.56666666],"continentalness":[-1.2,1],"erosion":[-1,1],"temperature":[0.55,1],"humidity":[-1,-0.3],"depth":[-0.2,0.2],"offset":0},"biome":"nyctocosm:dark_mire"},{"parameters":{"weirdness":[-0.4,0.56666666],"continentalness":[-1.2,1],"erosion":[-1,1],"temperature":[0.55,1],"humidity":[-0.3,-0.1],"depth":[-0.2,0.2],"offset":0},"biome":"nyctocosm:twilight_woodlands"},{"parameters":{"weirdness":[-0.4,0.56666666],"continentalness":[-1.2,1],"erosion":[-1,1],"temperature":[0.55,1],"humidity":[-0.1,1],"depth":[-0.2,0.2],"offset":0},"biome":"nyctocosm:dark_mire"},{"parameters":{"weirdness":[0.56666666,1],"continentalness":[-1.2,1],"erosion":[-1,1],"temperature":[-1,0.55],"humidity":[0.1,1],"depth":[-0.2,0.2],"offset":0},"biome":"nyctocosm:cimmerian_gorge"},{"parameters":{"weirdness":[0.56666666,1],"continentalness":[-1.2,1],"erosion":[-1,1],"temperature":[-0.45,-0.15],"humidity":[-0.1,1],"depth":[-0.2,0.2],"offset":0},"biome":"nyctocosm:cimmerian_gorge"},{"parameters":{"weirdness":[0.56666666,1],"continentalness":[-1.2,1],"erosion":[-1,1],"temperature":[-0.15,1],"humidity":[-1,0.1],"depth":[-0.2,0.2],"offset":0},"biome":"nyctocosm:infernal_chasms"},{"parameters":{"weirdness":[0.56666666,1],"continentalness":[-1.2,1],"erosion":[-1,1],"temperature":[0.55,1],"humidity":[0.1,0.3],"depth":[-0.2,0.2],"offset":0},"biome":"nyctocosm:cimmerian_gorge"},{"parameters":{"weirdness":[0.56666666,1],"continentalness":[-1.2,1],"erosion":[-1,1],"temperature":[0.55,1],"humidity":[0.3,1],"depth":[-0.2,0.2],"offset":0},"biome":"nyctocosm:twilight_woodlands"},{"parameters":{"weirdness":[-1,-0.7666667],"continentalness":[-1.2,1],"erosion":[-1,1],"temperature":[-1,1],"humidity":[-1,1],"depth":[0.2,1.2],"offset":0},"biome":"nyctocosm:infernal_chasms"},{"parameters":{"weirdness":[-0.7666667,-0.4],"continentalness":[-1.2,1],"erosion":[-1,1],"temperature":[-1,1],"humidity":[-1,1],"depth":[0.2,1.2],"offset":0},"biome":"nyctocosm:cimmerian_gorge"},{"parameters":{"weirdness":[-0.4,-0.26666668],"continentalness":[-1.2,1],"erosion":[-1,1],"temperature":[-1,1],"humidity":[-1,1],"depth":[0.2,1.2],"offset":0},"biome":"nyctocosm:dark_mire"},{"parameters":{"weirdness":[-0.26666668,0.4],"continentalness":[-1.2,1],"erosion":[-1,1],"temperature":[-1,1],"humidity":[-1,1],"depth":[0.2,1.2],"offset":0},"biome":"nyctocosm:night_wastes"},{"parameters":{"weirdness":[0.4,0.56666666],"continentalness":[-1.2,1],"erosion":[-1,1],"temperature":[-1,1],"humidity":[-1,1],"depth":[0.2,1.2],"offset":0},"biome":"nyctocosm:dark_mire"},{"parameters":{"weirdness":[0.56666666,0.7666667],"continentalness":[-1.2,1],"erosion":[-1,1],"temperature":[-1,1],"humidity":[-1,1],"depth":[0.2,1.2],"offset":0},"biome":"nyctocosm:cimmerian_gorge"},{"parameters":{"weirdness":[0.7666667,1],"continentalness":[-1.2,1],"erosion":[-1,1],"temperature":[-1,1],"humidity":[-1,1],"depth":[0.2,1.2],"offset":0},"biome":"nyctocosm:infernal_chasms"}],"type":"minecraft:multi_noise"},"settings":"nyctocosm:nyctocosm","type":"minecraft:noise"}}