{
    "type": "minecraft:tree",
    "config": {
      "ignore_vines": true,
      "force_dirt": false,
      "minimum_size": {
        "type": "minecraft:two_layers_feature_size",
        "limit": 1,
        "lower_size": 1,
        "upper_size": 2
      },
      "dirt_provider": {
        "type": "minecraft:simple_state_provider",
        "state": {
          "Name": "minecraft:dirt"
        }
      },
      "trunk_provider": {
        "type": "minecraft:simple_state_provider",
        "state": {
          "Name": "minecraft:dark_oak_log",
          "Properties": {
            "axis": "y"
          }
        }
      },
      "foliage_provider": {
        "type": "minecraft:simple_state_provider",
        "state": {
          "Name": "minecraft:dark_oak_leaves",
          "Properties": {
            "distance": "7",
            "persistent": "true",
            "waterlogged": "false"
          }
        }
      },
      "trunk_placer": {
        "type": "minecraft:upwards_branching_trunk_placer",
        "base_height": 12,
        "height_rand_a": 4,
        "height_rand_b": 8,
        "extra_branch_steps": {
          "type": "minecraft:uniform",
          "value": {
            "min_inclusive": 1,
            "max_inclusive": 3
          }
        },
        "extra_branch_length": {
          "type": "minecraft:uniform",
          "value": {
            "min_inclusive": 4,
            "max_inclusive": 8
          }
        },
        "place_branch_per_log_probability": 0.3,
        "can_grow_through": "#nyctocosm:passthrough"
      },
      "foliage_placer": {
        "type": "minecraft:jungle_foliage_placer",
        "radius": 2,
        "offset": 0,
        "height": 2
      },
      "decorators": [
        {
          "type": "minecraft:leave_vine",
          "probability": 0.4
        },
        {
          "type": "minecraft:attached_to_leaves",
          "probability": 0.4,
          "exclusion_radius_xz": 0,
          "exclusion_radius_y": 0,
          "required_empty_blocks": 1,
          "block_provider": {
            "type": "minecraft:simple_state_provider",
            "state": {
              "Name": "minecraft:glow_lichen",
              "Properties": {
                "up": "true"
              }
            }
          },
          "directions": [
            "down"
          ]
        },
        {
          "type": "minecraft:attached_to_leaves",
          "probability": 0.4,
          "exclusion_radius_xz": 0,
          "exclusion_radius_y": 0,
          "required_empty_blocks": 1,
          "block_provider": {
            "type": "minecraft:simple_state_provider",
            "state": {
              "Name": "minecraft:glow_lichen",
              "Properties": {
                "south": "true"
              }
            }
          },
          "directions": [
            "north"
          ]
        },
        {
          "type": "minecraft:attached_to_leaves",
          "probability": 0.4,
          "exclusion_radius_xz": 0,
          "exclusion_radius_y": 0,
          "required_empty_blocks": 1,
          "block_provider": {
            "type": "minecraft:simple_state_provider",
            "state": {
              "Name": "minecraft:glow_lichen",
              "Properties": {
                "north": "true"
              }
            }
          },
          "directions": [
            "south"
          ]
        },
        {
          "type": "minecraft:attached_to_leaves",
          "probability": 0.4,
          "exclusion_radius_xz": 0,
          "exclusion_radius_y": 0,
          "required_empty_blocks": 1,
          "block_provider": {
            "type": "minecraft:simple_state_provider",
            "state": {
              "Name": "minecraft:glow_lichen",
              "Properties": {
                "west": "true"
              }
            }
          },
          "directions": [
            "east"
          ]
        },
        {
          "type": "minecraft:attached_to_leaves",
          "probability": 0.4,
          "exclusion_radius_xz": 0,
          "exclusion_radius_y": 0,
          "required_empty_blocks": 1,
          "block_provider": {
            "type": "minecraft:simple_state_provider",
            "state": {
              "Name": "minecraft:glow_lichen",
              "Properties": {
                "east": "true"
              }
            }
          },
          "directions": [
            "west"
          ]
        }
      ]
    }
  }
  