{
    "feature": "nyctocosm:twilight_woodlands/tree",
    "placement": [
      {
        "type": "minecraft:count",
        "count": {
          "type": "minecraft:uniform",
          "value": {
            "min_inclusive": 0,
            "max_inclusive": 4
          }
        }
      },
      {
        "type": "minecraft:in_square"
      },
      {
        "type": "minecraft:heightmap",
        "heightmap": "WORLD_SURFACE_WG"
      },
      {
        "type": "minecraft:biome"
      }
    ]
  }
  