{
    "type": "minecraft:jigsaw",
    "biomes": "nyctocosm:night_wastes",
    "step": "underground_decoration",
    "spawn_overrides": {
      "ambient": {
        "bounding_box": "full",
        "spawns": []
      },
      "axolotls": {
        "bounding_box": "full",
        "spawns": []
      },
      "creature": {
        "bounding_box": "full",
        "spawns": []
      },
      "misc": {
        "bounding_box": "full",
        "spawns": []
      },
      "monster": {
        "bounding_box": "full",
        "spawns": []
      },
      "underground_water_creature": {
        "bounding_box": "full",
        "spawns": []
      },
      "water_ambient": {
        "bounding_box": "full",
        "spawns": []
      },
      "water_creature": {
        "bounding_box": "full",
        "spawns": []
      }
    },
    "terrain_adaptation": "beard_thin",
    "start_pool": "structures:crypt/centers/dream",
    "size": 7,
    "start_height": {
      "absolute": 16
    },
    "start_jigsaw_name": "structures:crypt/centers/dream",
    "max_distance_from_center": 116,
    "use_expansion_hack": false
  }
  