{
  "elements": [
    {
      "element": {
        "element_type": "minecraft:legacy_single_pool_element",
        "location": "gatkong:village/redstone/town_centers/redstone_fountain_01",
        "processors": "minecraft:mossify_20_percent",
        "projection": "rigid"
      },
      "weight": 50
    },
    {
      "element": {
        "element_type": "minecraft:legacy_single_pool_element",
        "location": "gatkong:village/redstone/town_centers/redstone_meeting_point_1",
        "processors": "minecraft:mossify_20_percent",
        "projection": "rigid"
      },
      "weight": 50
    },
    {
      "element": {
        "element_type": "minecraft:legacy_single_pool_element",
        "location": "gatkong:village/redstone/town_centers/redstone_meeting_point_2",
        "processors": "minecraft:empty",
        "projection": "rigid"
      },
      "weight": 50
    },
    {
      "element": {
        "element_type": "minecraft:legacy_single_pool_element",
        "location": "gatkong:village/redstone/town_centers/redstone_meeting_point_3",
        "processors": "minecraft:mossify_70_percent",
        "projection": "rigid"
      },
      "weight": 50
    }
  ],
  "fallback": "minecraft:empty",
  "name": "gatkong:village/redstone/town_centers"
}