{
	"textures": {
		"3": "nyctocosm:sorcerer/sorcerer32"
	},
	"elements": [
		{
			"from": [
				7.5,
				-3.25,
				7.5
			],
			"to": [
				10.5,
				8.25,
				8.5
			],
			"rotation": {
				"angle": 0,
				"axis": "y",
				"origin": [
					8,
					48.75,
					11.5
				]
			},
			"faces": {
				"north": {
					"uv": [
						2.75,
						8.625,
						3.125,
						10.0625
					],
					"texture": "#3"
				},
				"east": {
					"uv": [
						5,
						10.125,
						5.125,
						11.5625
					],
					"texture": "#3"
				},
				"south": {
					"uv": [
						8.625,
						3.375,
						9,
						4.8125
					],
					"texture": "#3"
				},
				"west": {
					"uv": [
						5.125,
						10.125,
						5.25,
						11.5625
					],
					"texture": "#3"
				},
				"up": {
					"uv": [
						10.75,
						4.75,
						10.375,
						4.625
					],
					"texture": "#3"
				},
				"down": {
					"uv": [
						10.75,
						4.75,
						10.375,
						4.875
					],
					"texture": "#3"
				}
			}
		}
	],
	"display": {
		"head": {
			"rotation": [
				0,
				0,
				0
			]
		}
	}
}