{
	"textures": {
		"3": "nyctocosm:sorcerer/sorcerer32"
	},
	"elements": [
		{
			"from": [
				6.5,
				-0.5,
				6.25
			],
			"to": [
				9.5,
				8,
				9.75
			],
			"rotation": {
				"angle": 0,
				"axis": "y",
				"origin": [
					8,
					5.5,
					8
				]
			},
			"faces": {
				"north": {
					"uv": [
						4.875,
						9,
						5.25,
						10.0625
					],
					"texture": "#3"
				},
				"east": {
					"uv": [
						0,
						8.75,
						0.4375,
						9.8125
					],
					"texture": "#3"
				},
				"south": {
					"uv": [
						5.25,
						9,
						5.625,
						10.0625
					],
					"texture": "#3"
				},
				"west": {
					"uv": [
						1.75,
						8.75,
						2.1875,
						9.8125
					],
					"texture": "#3"
				},
				"up": {
					"uv": [
						10.5,
						9.6875,
						10.125,
						9.25
					],
					"texture": "#3"
				},
				"down": {
					"uv": [
						10.625,
						1,
						10.25,
						1.4375
					],
					"texture": "#3"
				}
			}
		},
		{
			"from": [
				6,
				-1,
				5.75
			],
			"to": [
				10,
				7.5,
				10.25
			],
			"rotation": {
				"angle": 0,
				"axis": "y",
				"origin": [
					8,
					5.5,
					8
				]
			},
			"faces": {
				"north": {
					"uv": [
						8.625,
						0,
						9.125,
						1.0625
					],
					"texture": "#3"
				},
				"east": {
					"uv": [
						8,
						0,
						8.5625,
						1.0625
					],
					"texture": "#3"
				},
				"south": {
					"uv": [
						3.625,
						8.625,
						4.125,
						9.6875
					],
					"texture": "#3"
				},
				"west": {
					"uv": [
						1.125,
						8,
						1.6875,
						9.0625
					],
					"texture": "#3"
				},
				"up": {
					"uv": [
						10,
						8.5625,
						9.5,
						8
					],
					"texture": "#3"
				},
				"down": {
					"uv": [
						10,
						8.625,
						9.5,
						9.1875
					],
					"texture": "#3"
				}
			}
		}
	],
	"display": {
		"head": {
			"rotation": [
				0,
				0,
				0
			]
		}
	}
}