{
	"textures": {
		"3": "nyctocosm:sorcerer/sorcerer32"
	},
	"elements": [
		{
			"from": [
				7.5,
				-3.75,
				6.5
			],
			"to": [
				8.5,
				8.25,
				10.5
			],
			"rotation": {
				"angle": 0,
				"axis": "y",
				"origin": [
					13.5,
					48.75,
					7
				]
			},
			"faces": {
				"north": {
					"uv": [
						9.25,
						10,
						9.375,
						11.5
					],
					"texture": "#3"
				},
				"east": {
					"uv": [
						5,
						6.25,
						5.5,
						7.75
					],
					"texture": "#3"
				},
				"south": {
					"uv": [
						9.375,
						10,
						9.5,
						11.5
					],
					"texture": "#3"
				},
				"west": {
					"uv": [
						6.875,
						6.625,
						7.375,
						8.125
					],
					"texture": "#3"
				},
				"up": {
					"uv": [
						6.5,
						10.75,
						6.375,
						10.25
					],
					"texture": "#3"
				},
				"down": {
					"uv": [
						6.625,
						10.25,
						6.5,
						10.75
					],
					"texture": "#3"
				}
			}
		}
	],
	"display": {
		"head": {
			"rotation": [
				0,
				0,
				0
			]
		}
	}
}