{
	"textures": {
		"3": "nyctocosm:sorcerer/sorcerer32"
	},
	"elements": [
		{
			"from": [
				6.5,
				-0.5,
				6.25
			],
			"to": [
				9.5,
				8,
				9.75
			],
			"rotation": {
				"angle": 0,
				"axis": "y",
				"origin": [
					8,
					5.5,
					8
				]
			},
			"faces": {
				"north": {
					"uv": [
						8.875,
						5.125,
						9.25,
						6.1875
					],
					"texture": "#3"
				},
				"east": {
					"uv": [
						8.625,
						6.875,
						9.0625,
						7.9375
					],
					"texture": "#3"
				},
				"south": {
					"uv": [
						9,
						3.125,
						9.375,
						4.1875
					],
					"texture": "#3"
				},
				"west": {
					"uv": [
						8.625,
						8,
						9.0625,
						9.0625
					],
					"texture": "#3"
				},
				"up": {
					"uv": [
						10.5,
						0.6875,
						10.125,
						0.25
					],
					"texture": "#3"
				},
				"down": {
					"uv": [
						10.5,
						5.125,
						10.125,
						5.5625
					],
					"texture": "#3"
				}
			}
		},
		{
			"from": [
				3,
				-2.5,
				8
			],
			"to": [
				13.5,
				10,
				8
			],
			"rotation": {
				"angle": 0,
				"axis": "y",
				"origin": [
					8,
					5.5,
					8
				]
			},
			"faces": {
				"north": {
					"uv": [
						3,
						0,
						4.3125,
						1.5625
					],
					"texture": "#3"
				},
				"east": {
					"uv": [
						0,
						0,
						0,
						1.5625
					],
					"texture": "#3"
				},
				"south": {
					"uv": [
						3,
						1.625,
						4.3125,
						3.1875
					],
					"texture": "#3"
				},
				"west": {
					"uv": [
						0,
						0,
						0,
						1.5625
					],
					"texture": "#3"
				},
				"up": {
					"uv": [
						1.3125,
						0,
						0,
						0
					],
					"texture": "#3"
				},
				"down": {
					"uv": [
						1.3125,
						0,
						0,
						0
					],
					"texture": "#3"
				}
			}
		},
		{
			"from": [
				8,
				-2.5,
				2.5
			],
			"to": [
				8,
				10,
				13
			],
			"rotation": {
				"angle": 0,
				"axis": "y",
				"origin": [
					8,
					5.5,
					8
				]
			},
			"faces": {
				"north": {
					"uv": [
						0,
						0,
						0,
						1.5625
					],
					"texture": "#3"
				},
				"east": {
					"uv": [
						3,
						3.25,
						4.3125,
						4.8125
					],
					"texture": "#3"
				},
				"south": {
					"uv": [
						0,
						0,
						0,
						1.5625
					],
					"texture": "#3"
				},
				"west": {
					"uv": [
						0,
						3.625,
						1.3125,
						5.1875
					],
					"texture": "#3"
				},
				"up": {
					"uv": [
						0,
						1.3125,
						0,
						0
					],
					"texture": "#3"
				},
				"down": {
					"uv": [
						0,
						0,
						0,
						1.3125
					],
					"texture": "#3"
				}
			}
		}
	],
	"display": {
		"head": {
			"rotation": [
				0,
				0,
				0
			]
		}
	}
}