{
	"textures": {
		"3": "nyctocosm:sorcerer/sorcerer32"
	},
	"elements": [
		{
			"from": [
				7,
				1,
				8
			],
			"to": [
				9,
				8,
				8
			],
			"rotation": {
				"angle": 0,
				"axis": "y",
				"origin": [
					11,
					40.5,
					11
				]
			},
			"faces": {
				"north": {
					"uv": [
						10,
						3.5,
						10.25,
						4.375
					],
					"texture": "#3"
				},
				"east": {
					"uv": [
						0,
						0,
						0,
						0.875
					],
					"texture": "#3"
				},
				"south": {
					"uv": [
						10,
						5.875,
						10.25,
						6.75
					],
					"texture": "#3"
				},
				"west": {
					"uv": [
						0,
						0,
						0,
						0.875
					],
					"texture": "#3"
				},
				"up": {
					"uv": [
						0.25,
						0,
						0,
						0
					],
					"texture": "#3"
				},
				"down": {
					"uv": [
						0.25,
						0,
						0,
						0
					],
					"texture": "#3"
				}
			}
		}
	],
	"display": {
		"head": {
			"rotation": [
				0,
				0,
				0
			]
		}
	}
}