{
	"textures": {
		"0": "nyctocosm:magic/ajspellplane/outer_circle",
		"3": "nyctocosm:magic/ajspellplane/thinring",
		"4": "nyctocosm:magic/ajspellplane/thinringbroken"
	},
	"elements": [
		{
			"from": [
				-2.344827586206897,
				8.620689655172415,
				-2.344827586206897
			],
			"to": [
				18.344827586206897,
				8.620689655172415,
				18.344827586206897
			],
			"rotation": {
				"angle": 0,
				"axis": "y",
				"origin": [
					8,
					8.620689655172415,
					8
				]
			},
			"faces": {
				"north": {
					"uv": [
						0,
						0,
						16,
						0
					],
					"texture": "#0"
				},
				"east": {
					"uv": [
						0,
						0,
						16,
						0
					],
					"texture": "#0"
				},
				"south": {
					"uv": [
						0,
						0,
						16,
						0
					],
					"texture": "#0"
				},
				"west": {
					"uv": [
						0,
						0,
						16,
						0
					],
					"texture": "#0"
				},
				"up": {
					"uv": [
						0,
						0,
						16,
						16
					],
					"texture": "#0"
				},
				"down": {
					"uv": [
						0,
						0,
						16,
						16
					],
					"texture": "#0"
				}
			}
		},
		{
			"from": [
				-4,
				8.620689655172415,
				-4
			],
			"to": [
				20,
				8.620689655172415,
				20
			],
			"rotation": {
				"angle": 0,
				"axis": "y",
				"origin": [
					8,
					8.620689655172415,
					8
				]
			},
			"faces": {
				"north": {
					"uv": [
						0,
						0,
						16,
						0
					],
					"texture": "#4"
				},
				"east": {
					"uv": [
						0,
						0,
						16,
						0
					],
					"texture": "#4"
				},
				"south": {
					"uv": [
						0,
						0,
						16,
						0
					],
					"texture": "#4"
				},
				"west": {
					"uv": [
						0,
						0,
						16,
						0
					],
					"texture": "#4"
				},
				"up": {
					"uv": [
						0,
						16,
						16,
						0
					],
					"texture": "#4"
				},
				"down": {
					"uv": [
						0,
						0,
						16,
						16
					],
					"texture": "#4"
				}
			}
		},
		{
			"from": [
				-0.8965517241379306,
				9.448275862068966,
				-0.8965517241379306
			],
			"to": [
				16.89655172413793,
				9.448275862068966,
				16.89655172413793
			],
			"rotation": {
				"angle": 0,
				"axis": "y",
				"origin": [
					8,
					9.448275862068966,
					8
				]
			},
			"faces": {
				"north": {
					"uv": [
						0,
						0,
						16,
						0
					],
					"texture": "#3"
				},
				"east": {
					"uv": [
						0,
						0,
						16,
						0
					],
					"texture": "#3"
				},
				"south": {
					"uv": [
						0,
						0,
						16,
						0
					],
					"texture": "#3"
				},
				"west": {
					"uv": [
						0,
						0,
						16,
						0
					],
					"texture": "#3"
				},
				"up": {
					"uv": [
						0,
						16,
						16,
						0
					],
					"texture": "#3"
				},
				"down": {
					"uv": [
						0,
						0,
						16,
						16
					],
					"texture": "#3"
				}
			}
		}
	],
	"display": {
		"head": {
			"rotation": [
				0,
				0,
				0
			]
		}
	}
}