{
	"textures": {
		"2": "nyctocosm:magic/ajspellplane/orb"
	},
	"elements": [
		{
			"from": [
				27,
				10.5,
				6
			],
			"to": [
				31,
				10.5,
				10
			],
			"rotation": {
				"angle": 0,
				"axis": "y",
				"origin": [
					29,
					10.5,
					8
				]
			},
			"faces": {
				"north": {
					"uv": [
						0,
						0,
						0,
						0
					],
					"texture": "#2"
				},
				"east": {
					"uv": [
						0,
						0,
						0,
						0
					],
					"texture": "#2"
				},
				"south": {
					"uv": [
						0,
						0,
						0,
						0
					],
					"texture": "#2"
				},
				"west": {
					"uv": [
						0,
						0,
						0,
						0
					],
					"texture": "#2"
				},
				"up": {
					"uv": [
						0,
						16,
						16,
						0
					],
					"texture": "#2"
				},
				"down": {
					"uv": [
						0,
						0,
						16,
						16
					],
					"texture": "#2"
				}
			}
		}
	],
	"display": {
		"head": {
			"rotation": [
				0,
				0,
				0
			]
		}
	}
}