{"type": "minecraft:entity","pools": [{"rolls": 2,"entries": [{"type": "minecraft:item","name": "minecraft:black_dye","functions": [{"function": "minecraft:set_nbt","tag": "{display:{Name:'{\"translate\":\"item.nyctocosm.nightmare_scale\",\"color\":\"dark_red\",\"italic\":false}'},CustomModelData:4,nightmarescale:1}"},{"function": "minecraft:set_count","count":{"min": 12,"max": 20}}]}]},{"rolls": 1,"entries": [{"type": "minecraft:item","name": "minecraft:black_dye","functions": [{"function": "minecraft:set_count","count":{"min": 20,"max": 55}},{"function": "minecraft:set_nbt","tag": "{display:{Name:'{\"translate\":\"item.nyctocosm.seelic_essence\",\"italic\":false}'},CustomModelData:1,seelicessence:1b}"}]}]}]}