{
    "providers": [
        {
            "type": "space",
            "advances": {
                " ": 4,
                "<": -4,
                "_": 1,
                "\u200c": 0
            }
        },
        {
            "type": "bitmap",
            "file": "erpg:font/tinyfontraised.png",
            "ascent": 6,
            "height": 18,
            "chars": [
                "1234567890",
		"ABCDEFGHIJ",
		"KLMNOPQRST",
		"UVWXYZ:|^v"
            ]
        }
    ]
}