{
	"textures": {
		"0": "nyctocosm:mobs/death_walker/death_walker_dawren"
	},
	"elements": [
		{
			"from": [
				4.400000000000001,
				-4,
				0.7999999999999998
			],
			"to": [
				9.200000000000001,
				20,
				15.2
			],
			"rotation": {
				"angle": 0,
				"axis": "y",
				"origin": [
					6.8,
					8,
					8
				]
			},
			"faces": {
				"north": {
					"uv": [
						7.75,
						3,
						8,
						4.25
					],
					"texture": "#0"
				},
				"east": {
					"uv": [
						7,
						3,
						7.75,
						4.25
					],
					"texture": "#0"
				},
				"south": {
					"uv": [
						8.75,
						3,
						9,
						4.25
					],
					"texture": "#0"
				},
				"west": {
					"uv": [
						8,
						3,
						8.75,
						4.25
					],
					"texture": "#0"
				},
				"up": {
					"uv": [
						8,
						3,
						7.75,
						2.25
					],
					"texture": "#0"
				},
				"down": {
					"uv": [
						8.25,
						2.25,
						8,
						3
					],
					"texture": "#0"
				}
			}
		}
	],
	"display": {
		"head": {
			"rotation": [
				0,
				0,
				0
			]
		}
	}
}