{
	"textures": {
		"0": "nyctocosm:mobs/death_walker/death_walker_dawren"
	},
	"elements": [
		{
			"from": [
				8,
				-2.285714285714283,
				2.8571428571428568
			],
			"to": [
				20,
				18.285714285714285,
				13.142857142857142
			],
			"rotation": {
				"angle": 0,
				"axis": "y",
				"origin": [
					14,
					8,
					8
				]
			},
			"faces": {
				"north": {
					"uv": [
						4.75,
						0.75,
						5.625,
						2.25
					],
					"texture": "#0"
				},
				"east": {
					"uv": [
						4,
						0.75,
						4.75,
						2.25
					],
					"texture": "#0"
				},
				"south": {
					"uv": [
						8.125,
						0.75,
						9,
						2.25
					],
					"texture": "#0"
				},
				"west": {
					"uv": [
						6.5,
						0.75,
						7.25,
						2.25
					],
					"texture": "#0"
				},
				"up": {
					"uv": [
						5.625,
						0.75,
						4.75,
						0
					],
					"texture": "#0"
				},
				"down": {
					"uv": [
						7.375,
						0,
						6.5,
						0.75
					],
					"texture": "#0"
				}
			}
		},
		{
			"from": [
				-4,
				-2.285714285714283,
				2.8571428571428568
			],
			"to": [
				8,
				18.285714285714285,
				13.142857142857142
			],
			"rotation": {
				"angle": 0,
				"axis": "y",
				"origin": [
					2,
					8,
					8
				]
			},
			"faces": {
				"north": {
					"uv": [
						5.625,
						0.75,
						6.5,
						2.25
					],
					"texture": "#0"
				},
				"east": {
					"uv": [
						4,
						0.75,
						4.75,
						2.25
					],
					"texture": "#0"
				},
				"south": {
					"uv": [
						7.25,
						0.75,
						8.125,
						2.25
					],
					"texture": "#0"
				},
				"west": {
					"uv": [
						6.5,
						0.75,
						7.25,
						2.25
					],
					"texture": "#0"
				},
				"up": {
					"uv": [
						6.5,
						0.75,
						5.625,
						0
					],
					"texture": "#0"
				},
				"down": {
					"uv": [
						8.25,
						0,
						7.375,
						0.75
					],
					"texture": "#0"
				}
			}
		}
	],
	"display": {
		"head": {
			"rotation": [
				0,
				0,
				0
			]
		}
	}
}