[
    {
        "function": "minecraft:set_lore",
        "entity": "this",
        "lore": [
            {
                "text": " ",
                "italic": false
            },
            {
                "text": "Title \u00b7 ",
                "color": "light_purple",
                "bold": true,
                "italic": false,
                "extra": [
                    {
                        "nbt": "skills.rewards[0]",
                        "storage": "minecraft:temp",
                        "italic": false
                    }
                ]
            }
        ]
    },
    {
        "function": "minecraft:set_nbt",
        "tag": "{Enchantments:[{id:0,lvl:1}]}"
    }
]